case_type,beta,direction,step,adjoint,finite_difference,relative_error
jvp_vjp_dot,2.0,uniform,,180978.4920063567,180978.49200635648,1.2855503968272747e-15
jvp_vjp_dot,2.0,smooth_asymmetric,,21817.875871779375,21817.87587177936,1.9647280089354223e-16
jvp_vjp_dot,2.0,central_localized,,1297.9792104943062,1297.9792104943072,3.1855870582577893e-16
jvp_vjp_dot,2.0,design_edge_localized,,370.19583178384414,370.195831783844,7.834778929891477e-17
jvp_vjp_dot,2.0,fixed_seed_random,,-139.87689342619805,-139.87689342619808,8.919295692802005e-19
jvp_vjp_dot,4.0,uniform,,278418.84468630253,278418.84468630236,6.260728988457127e-16
jvp_vjp_dot,4.0,smooth_asymmetric,,31526.370362840684,31526.37036284065,2.8817826000316964e-16
jvp_vjp_dot,4.0,central_localized,,1954.4424384457561,1954.4424384457554,1.5559282304685572e-16
jvp_vjp_dot,4.0,design_edge_localized,,569.7700990487665,569.7700990487664,5.084398633573638e-17
jvp_vjp_dot,4.0,fixed_seed_random,,-211.56219030941313,-211.56219030941296,3.4750783807227295e-18
jvp_vjp_dot,8.0,uniform,,490349.82416590967,490349.824165909,1.290259053704292e-15
jvp_vjp_dot,8.0,smooth_asymmetric,,44935.734904536046,44935.734904536075,1.453380549910247e-16
jvp_vjp_dot,8.0,central_localized,,3173.9783892754317,3173.9783892754303,1.765936286189784e-16
jvp_vjp_dot,8.0,design_edge_localized,,992.1897569155773,992.189756915577,5.715496310583302e-17
jvp_vjp_dot,8.0,fixed_seed_random,,-356.3416635348753,-356.3416635348749,4.5577006841893e-18
jvp_vjp_dot,16.0,uniform,,765022.1539095129,765022.1539095127,2.8478472855164605e-16
jvp_vjp_dot,16.0,smooth_asymmetric,,40767.92602369262,40767.92602369265,8.927966124063549e-17
jvp_vjp_dot,16.0,central_localized,,3851.221845374324,3851.221845374324,0.0
jvp_vjp_dot,16.0,design_edge_localized,,1361.368305128902,1361.3683051289022,3.511729565501047e-17
jvp_vjp_dot,16.0,fixed_seed_random,,-528.8587586025683,-528.8587586025681,1.5824128829669626e-18
jvp_vjp_dot,32.0,uniform,,933154.373704598,933154.3737045978,1.957059051443006e-16
jvp_vjp_dot,32.0,smooth_asymmetric,,18289.434957656547,18289.434957656533,3.118029657909663e-17
jvp_vjp_dot,32.0,central_localized,,2832.7121976463573,2832.7121976463573,0.0
jvp_vjp_dot,32.0,design_edge_localized,,849.7663920564007,849.7663920564008,1.2579871307795883e-17
jvp_vjp_dot,32.0,fixed_seed_random,,-627.8502949333852,-627.8502949333852,0.0
mapping_only_centered_fd,2.0,uniform,0.001,180978.4920063567,180978.25733166974,1.2966993169840652e-06
mapping_only_centered_fd,2.0,uniform,0.0005,180978.4920063567,180978.4333375719,3.2417545392703866e-07
mapping_only_centered_fd,2.0,uniform,0.00025,180978.4920063567,180978.47733911476,8.10441162809789e-08
mapping_only_centered_fd,2.0,smooth_asymmetric,0.001,21817.875871779375,21817.85875319474,7.846127979857713e-07
mapping_only_centered_fd,2.0,smooth_asymmetric,0.0005,21817.875871779375,21817.87159214582,1.9615262181520333e-07
mapping_only_centered_fd,2.0,smooth_asymmetric,0.00025,21817.875871779375,21817.874801825383,4.90402456610971e-08
mapping_only_centered_fd,2.0,central_localized,0.001,1297.9792104943062,1297.9786458745366,4.349990855653313e-07
mapping_only_centered_fd,2.0,central_localized,0.0005,1297.9792104943062,1297.9790693316318,1.087557283967645e-07
mapping_only_centered_fd,2.0,central_localized,0.00025,1297.9792104943062,1297.979175204091,2.71885827999842e-08
mapping_only_centered_fd,2.0,design_edge_localized,0.001,370.19583178384414,370.19568320283724,4.0135786019284744e-07
mapping_only_centered_fd,2.0,design_edge_localized,0.0005,370.19583178384414,370.1957946395851,1.0033678361169006e-07
mapping_only_centered_fd,2.0,design_edge_localized,0.00025,370.19583178384414,370.1958224992268,2.5080286069666212e-08
mapping_only_centered_fd,2.0,fixed_seed_random,0.001,-139.87689342619805,-139.87689329951536,9.05672764652999e-10
mapping_only_centered_fd,2.0,fixed_seed_random,0.0005,-139.87689342619805,-139.8768933795509,3.3348723925565316e-10
mapping_only_centered_fd,2.0,fixed_seed_random,0.00025,-139.87689342619805,-139.8768934304826,3.0630822359901416e-11
mapping_only_centered_fd,4.0,uniform,0.001,278418.84468630253,278417.5077478794,4.801896310614057e-06
mapping_only_centered_fd,4.0,uniform,0.0005,278418.84468630253,278418.51045025396,1.2004792597499082e-06
mapping_only_centered_fd,4.0,uniform,0.00025,278418.84468630253,278418.7611271627,3.001202734694864e-07
mapping_only_centered_fd,4.0,smooth_asymmetric,0.001,31526.370362840684,31526.298828095605,2.269044747472597e-06
mapping_only_centered_fd,4.0,smooth_asymmetric,0.0005,31526.370362840684,31526.352479144407,5.672615042903608e-07
mapping_only_centered_fd,4.0,smooth_asymmetric,0.00025,31526.370362840684,31526.36589189933,1.418159242843767e-07
mapping_only_centered_fd,4.0,central_localized,0.001,1954.4424384457561,1954.4395468210496,1.4795138754942778e-06
mapping_only_centered_fd,4.0,central_localized,0.0005,1954.4424384457561,1954.4417155411793,3.6987765032749774e-07
mapping_only_centered_fd,4.0,central_localized,0.00025,1954.4424384457561,1954.4422577237128,9.246731433046031e-08
mapping_only_centered_fd,4.0,design_edge_localized,0.001,569.7700990487665,569.7692639241723,1.4657220440778268e-06
mapping_only_centered_fd,4.0,design_edge_localized,0.0005,569.7700990487665,569.7698902677075,3.664303537889733e-07
mapping_only_centered_fd,4.0,design_edge_localized,0.00025,569.7700990487665,569.7700468554103,9.160423871963413e-08
mapping_only_centered_fd,4.0,fixed_seed_random,0.001,-211.56219030941313,-211.56218950636685,3.795792978948033e-09
mapping_only_centered_fd,4.0,fixed_seed_random,0.0005,-211.56219030941313,-211.56219009571942,1.0100751439846131e-09
mapping_only_centered_fd,4.0,fixed_seed_random,0.00025,-211.56219030941313,-211.56219026306644,2.1906884516783931e-10
mapping_only_centered_fd,8.0,uniform,0.001,490349.82416590967,490342.4709870742,1.4995781527977074e-05
mapping_only_centered_fd,8.0,uniform,0.0005,490349.82416590967,490347.985849774,3.748989079006081e-06
mapping_only_centered_fd,8.0,uniform,0.00025,490349.82416590967,490349.3645854469,9.372501836968015e-07
mapping_only_centered_fd,8.0,smooth_asymmetric,0.001,44935.734904536046,44935.68541274362,1.1013905197640489e-06
mapping_only_centered_fd,8.0,smooth_asymmetric,0.0005,44935.734904536046,44935.7225323256,2.753312140881867e-07
mapping_only_centered_fd,8.0,smooth_asymmetric,0.00025,44935.734904536046,44935.73181159445,6.883033295910801e-08
mapping_only_centered_fd,8.0,central_localized,0.001,3173.9783892754317,3173.9700645930498,2.6227911349623268e-06
mapping_only_centered_fd,8.0,central_localized,0.0005,3173.9783892754317,3173.976308120473,6.55692857241586e-07
mapping_only_centered_fd,8.0,central_localized,0.00025,3173.9783892754317,3173.977868984366,1.6392394711910773e-07
mapping_only_centered_fd,8.0,design_edge_localized,0.001,992.1897569155773,992.1859424321156,3.8445100195171215e-06
mapping_only_centered_fd,8.0,design_edge_localized,0.0005,992.1897569155773,992.1888032913557,9.611308874184482e-07
mapping_only_centered_fd,8.0,design_edge_localized,0.00025,992.1897569155773,992.1895185107132,2.4028152112381847e-07
mapping_only_centered_fd,8.0,fixed_seed_random,0.001,-356.3416635348753,-356.3416598481126,1.0346145452757355e-08
mapping_only_centered_fd,8.0,fixed_seed_random,0.0005,-356.3416635348753,-356.3416625838727,2.6687943515852676e-09
mapping_only_centered_fd,8.0,fixed_seed_random,0.00025,-356.3416635348753,-356.3416632678127,7.49456576292246e-10
mapping_only_centered_fd,16.0,uniform,0.001,765022.1539095129,764998.9806686426,3.0290940924953535e-05
mapping_only_centered_fd,16.0,uniform,0.0005,765022.1539095129,765016.3605569542,7.572790577550318e-06
mapping_only_centered_fd,16.0,uniform,0.00025,765022.1539095129,765020.7055686624,1.8932011878760526e-06
mapping_only_centered_fd,16.0,smooth_asymmetric,0.001,40767.92602369262,40768.96394371579,2.545858228337742e-05
mapping_only_centered_fd,16.0,smooth_asymmetric,0.0005,40767.92602369262,40768.18550761527,6.364863175055957e-06
mapping_only_centered_fd,16.0,smooth_asymmetric,0.00025,40767.92602369262,40767.99089500855,1.591231613515962e-06
mapping_only_centered_fd,16.0,central_localized,0.001,3851.221845374324,3851.2758191827743,1.4014526869641338e-05
mapping_only_centered_fd,16.0,central_localized,0.0005,3851.221845374324,3851.2353395744867,3.503862779847349e-06
mapping_only_centered_fd,16.0,central_localized,0.00025,3851.221845374324,3851.225218968466,8.759794481403914e-07
mapping_only_centered_fd,16.0,design_edge_localized,0.001,1361.368305128902,1361.3776516212965,6.865466304253892e-06
mapping_only_centered_fd,16.0,design_edge_localized,0.0005,1361.368305128902,1361.3706420073868,1.716563008414719e-06
mapping_only_centered_fd,16.0,design_edge_localized,0.00025,1361.368305128902,1361.3688893674407,4.291552005577458e-07
mapping_only_centered_fd,16.0,fixed_seed_random,0.001,-528.8587586025683,-528.8587528120843,1.0949017892422478e-08
mapping_only_centered_fd,16.0,fixed_seed_random,0.0005,-528.8587586025683,-528.858757155831,2.7355835396564974e-09
mapping_only_centered_fd,16.0,fixed_seed_random,0.00025,-528.8587586025683,-528.8587582326727,6.994222595738089e-10
mapping_only_centered_fd,32.0,uniform,0.001,933154.373704598,933140.3217379047,1.5058565966510778e-05
mapping_only_centered_fd,32.0,uniform,0.0005,933154.373704598,933150.8616116334,3.7636784047470895e-06
mapping_only_centered_fd,32.0,uniform,0.00025,933154.373704598,933153.4957374679,9.408594707373583e-07
mapping_only_centered_fd,32.0,smooth_asymmetric,0.001,18289.434957656547,18291.526248351147,0.00011433112066239459
mapping_only_centered_fd,32.0,smooth_asymmetric,0.0005,18289.434957656547,18289.957784261787,2.8585446254548178e-05
mapping_only_centered_fd,32.0,smooth_asymmetric,0.00025,18289.434957656547,18289.565664570546,7.146529141019212e-06
mapping_only_centered_fd,32.0,central_localized,0.001,2832.7121976463573,2832.973799217143,9.234168380171136e-05
mapping_only_centered_fd,32.0,central_localized,0.0005,2832.7121976463573,2832.7775970738003,2.308667913449411e-05
mapping_only_centered_fd,32.0,central_localized,0.00025,2832.7121976463573,2832.728547440638,5.771747630243464e-06
mapping_only_centered_fd,32.0,design_edge_localized,0.001,849.7663920564007,849.8847630253294,0.0001392788458841942
mapping_only_centered_fd,32.0,design_edge_localized,0.0005,849.7663920564007,849.7959848227765,3.48233774980366e-05
mapping_only_centered_fd,32.0,design_edge_localized,0.00025,849.7663920564007,849.7737902507652,8.70607501586751e-06
mapping_only_centered_fd,32.0,fixed_seed_random,0.001,-627.8502949333852,-627.8503579851531,1.004248339375729e-07
mapping_only_centered_fd,32.0,fixed_seed_random,0.0005,-627.8502949333852,-627.8503106732387,2.5069436591023186e-08
mapping_only_centered_fd,32.0,fixed_seed_random,0.00025,-627.8502949333852,-627.8502988716355,6.272594452768792e-09
