absolute_error,analytic,direction,family,finite_difference,minimum_Q_minus_W_m3,minimum_Q_plus_W_m3,relative_error,space,step
7.888609052210118e-31,4.569773831438238e-15,0,unrestricted,4.569773831438239e-15,,,1.7262580913610222e-16,temperature,0.01
1.5777218104420236e-30,4.569773831438238e-15,0,unrestricted,4.5697738314382396e-15,,,3.4525161827220445e-16,temperature,0.003
3.944304526105059e-30,4.569773831438238e-15,0,unrestricted,4.569773831438234e-15,,,8.631290456805111e-16,temperature,0.001
7.888609052210118e-31,4.569773831438238e-15,0,unrestricted,4.569773831438239e-15,,,1.7262580913610222e-16,temperature,0.0003
2.3665827156630354e-30,4.569773831438238e-15,0,unrestricted,4.56977383143824e-15,,,5.178774274083067e-16,temperature,0.0001
3.944304526105059e-30,4.569773831438238e-15,0,unrestricted,4.569773831438242e-15,,,8.631290456805111e-16,temperature,3e-05
7.888609052210118e-31,4.569773831438238e-15,0,unrestricted,4.569773831438239e-15,,,1.7262580913610222e-16,temperature,1e-05
7.888609052210118e-30,-1.0045429839002222e-14,1,unrestricted,-1.004542983900223e-14,,,7.852933302646675e-16,temperature,0.01
6.310887241768095e-30,-1.0045429839002222e-14,1,unrestricted,-1.0045429839002228e-14,,,6.282346642117341e-16,temperature,0.003
4.733165431326071e-30,-1.0045429839002222e-14,1,unrestricted,-1.0045429839002226e-14,,,4.711759981588005e-16,temperature,0.001
7.888609052210118e-30,-1.0045429839002222e-14,1,unrestricted,-1.004542983900223e-14,,,7.852933302646675e-16,temperature,0.0003
9.466330862652142e-30,-1.0045429839002222e-14,1,unrestricted,-1.0045429839002231e-14,,,9.42351996317601e-16,temperature,0.0001
7.888609052210118e-30,-1.0045429839002222e-14,1,unrestricted,-1.004542983900223e-14,,,7.852933302646675e-16,temperature,3e-05
6.310887241768095e-30,-1.0045429839002222e-14,1,unrestricted,-1.0045429839002228e-14,,,6.282346642117341e-16,temperature,1e-05
3.1554436208840472e-30,1.8787450913440186e-14,2,unrestricted,1.8787450913440182e-14,,,1.6795485643167818e-16,temperature,0.01
3.1554436208840472e-30,1.8787450913440186e-14,2,unrestricted,1.8787450913440182e-14,,,1.6795485643167818e-16,temperature,0.003
3.1554436208840472e-30,1.8787450913440186e-14,2,unrestricted,1.8787450913440182e-14,,,1.6795485643167818e-16,temperature,0.001
6.310887241768095e-30,1.8787450913440186e-14,2,unrestricted,1.878745091344018e-14,,,3.3590971286335636e-16,temperature,0.0003
3.1554436208840472e-30,1.8787450913440186e-14,2,unrestricted,1.8787450913440182e-14,,,1.6795485643167818e-16,temperature,0.0001
6.310887241768095e-30,1.8787450913440186e-14,2,unrestricted,1.878745091344018e-14,,,3.3590971286335636e-16,temperature,3e-05
6.310887241768095e-30,1.8787450913440186e-14,2,unrestricted,1.878745091344018e-14,,,3.3590971286335636e-16,temperature,1e-05
0.0,-1.1232988490518652e-14,3,unrestricted,-1.1232988490518652e-14,,,0.0,temperature,0.01
1.5777218104420236e-30,-1.1232988490518652e-14,3,unrestricted,-1.123298849051865e-14,,,1.404543244902031e-16,temperature,0.003
7.888609052210118e-30,-1.1232988490518652e-14,3,unrestricted,-1.1232988490518644e-14,,,7.022716224510156e-16,temperature,0.001
7.888609052210118e-30,-1.1232988490518652e-14,3,unrestricted,-1.1232988490518644e-14,,,7.022716224510156e-16,temperature,0.0003
3.1554436208840472e-30,-1.1232988490518652e-14,3,unrestricted,-1.1232988490518649e-14,,,2.809086489804062e-16,temperature,0.0001
1.5777218104420236e-30,-1.1232988490518652e-14,3,unrestricted,-1.123298849051865e-14,,,1.404543244902031e-16,temperature,3e-05
4.733165431326071e-30,-1.1232988490518652e-14,3,unrestricted,-1.1232988490518647e-14,,,4.2136297347060934e-16,temperature,1e-05
9.466330862652142e-30,1.179079243943076e-14,4,unrestricted,1.179079243943075e-14,,,8.028579004575506e-16,temperature,0.01
6.310887241768095e-30,1.179079243943076e-14,4,unrestricted,1.1790792439430754e-14,,,5.352386003050337e-16,temperature,0.003
7.888609052210118e-30,1.179079243943076e-14,4,unrestricted,1.1790792439430752e-14,,,6.690482503812922e-16,temperature,0.001
9.466330862652142e-30,1.179079243943076e-14,4,unrestricted,1.179079243943075e-14,,,8.028579004575506e-16,temperature,0.0003
1.1044052673094165e-29,1.179079243943076e-14,4,unrestricted,1.1790792439430749e-14,,,9.366675505338091e-16,temperature,0.0001
9.466330862652142e-30,1.179079243943076e-14,4,unrestricted,1.179079243943075e-14,,,8.028579004575506e-16,temperature,3e-05
6.310887241768095e-30,1.179079243943076e-14,4,unrestricted,1.1790792439430754e-14,,,5.352386003050337e-16,temperature,1e-05
6.7053176943786e-30,-2.81378257773761e-15,5,unrestricted,-2.8137825777376034e-15,,,2.383026232172471e-15,temperature,0.01
5.9164567891575885e-30,-2.81378257773761e-15,5,unrestricted,-2.813782577737604e-15,,,2.102670204858063e-15,temperature,0.003
1.9721522630525295e-30,-2.81378257773761e-15,5,unrestricted,-2.813782577737608e-15,,,7.008900682860209e-16,temperature,0.001
7.888609052210118e-31,-2.81378257773761e-15,5,unrestricted,-2.8137825777376093e-15,,,2.8035602731440835e-16,temperature,0.0003
1.9721522630525295e-30,-2.81378257773761e-15,5,unrestricted,-2.813782577737608e-15,,,7.008900682860209e-16,temperature,0.0001
3.549874073494553e-30,-2.81378257773761e-15,5,unrestricted,-2.8137825777376137e-15,,,1.2616021229148377e-15,temperature,3e-05
2.7610131682735413e-30,-2.81378257773761e-15,5,unrestricted,-2.8137825777376073e-15,,,9.812460956004293e-16,temperature,1e-05
4.338734978715565e-30,3.486889388737201e-15,6,unrestricted,3.486889388737197e-15,,,1.244299573347483e-15,temperature,0.01
1.5777218104420236e-30,3.486889388737201e-15,6,unrestricted,3.4868893887371996e-15,,,4.524725721263574e-16,temperature,0.003
2.3665827156630354e-30,3.486889388737201e-15,6,unrestricted,3.486889388737199e-15,,,6.787088581895362e-16,temperature,0.001
3.944304526105059e-30,3.486889388737201e-15,6,unrestricted,3.4868893887371972e-15,,,1.1311814303158935e-15,temperature,0.0003
1.1832913578315177e-30,3.486889388737201e-15,6,unrestricted,3.4868893887372e-15,,,3.393544290947681e-16,temperature,0.0001
7.888609052210118e-31,3.486889388737201e-15,6,unrestricted,3.4868893887372004e-15,,,2.262362860631787e-16,temperature,3e-05
3.944304526105059e-31,3.486889388737201e-15,6,unrestricted,3.4868893887372008e-15,,,1.1311814303158934e-16,temperature,1e-05
6.310887241768095e-30,1.497553480896854e-14,7,unrestricted,1.4975534808968533e-14,,,4.2141314632640927e-16,temperature,0.01
0.0,1.497553480896854e-14,7,unrestricted,1.497553480896854e-14,,,0.0,temperature,0.003
0.0,1.497553480896854e-14,7,unrestricted,1.497553480896854e-14,,,0.0,temperature,0.001
3.1554436208840472e-30,1.497553480896854e-14,7,unrestricted,1.4975534808968536e-14,,,2.1070657316320463e-16,temperature,0.0003
6.310887241768095e-30,1.497553480896854e-14,7,unrestricted,1.4975534808968533e-14,,,4.2141314632640927e-16,temperature,0.0001
3.1554436208840472e-30,1.497553480896854e-14,7,unrestricted,1.4975534808968536e-14,,,2.1070657316320463e-16,temperature,3e-05
3.1554436208840472e-30,1.497553480896854e-14,7,unrestricted,1.4975534808968536e-14,,,2.1070657316320463e-16,temperature,1e-05
6.69561582228375e-35,1.7145532591807404e-21,0,unrestricted,1.7145532591808074e-21,-17368.72680484778,-19598.360593663932,3.905166425383073e-14,source_Q,0.01
1.487705650400687e-33,1.7145532591807404e-21,0,unrestricted,1.7145532591792527e-21,-5210.618041454334,-4888.558498166243,8.676928771005648e-13,source_Q,0.003
2.339703955876681e-34,1.7145532591807404e-21,0,unrestricted,1.7145532591805065e-21,-1736.8726804847781,-1460.8001067195853,1.3646143351619503e-13,source_Q,0.001
1.2053989271072065e-32,1.7145532591807404e-21,0,unrestricted,1.7145532591927944e-21,-521.0618041454334,-438.24003201587556,7.030396522550594e-12,source_Q,0.0003
6.220828952009224e-32,1.7145532591807404e-21,0,unrestricted,1.7145532592429487e-21,-173.68726804847782,-146.08001067195855,3.628250635376415e-11,source_Q,0.0001
2.5561829955241135e-32,1.7145532591807404e-21,0,unrestricted,1.7145532591551786e-21,-52.10618041454334,-43.824003201587566,1.4908740698702626e-11,source_Q,3e-05
5.020289988746058e-31,1.7145532591807404e-21,0,unrestricted,1.7145532586787114e-21,-17.368726804847782,-14.608001067195854,2.9280455196503415e-10,source_Q,1e-05
4.664361584062837e-34,4.211537142423093e-21,1,unrestricted,4.21153714242356e-21,-18949.116688779046,-14795.724213232583,1.1075199924223421e-13,source_Q,0.01
1.6550960459577808e-34,4.211537142423093e-21,1,unrestricted,4.211537142423259e-21,-5684.735006633714,-4438.717263969775,3.9299096505308916e-14,source_Q,0.003
3.927091527227098e-33,4.211537142423093e-21,1,unrestricted,4.21153714242702e-21,-1894.9116688779045,-1479.5724213232581,9.32460380716875e-13,source_Q,0.001
1.746878644869985e-32,4.211537142423093e-21,1,unrestricted,4.211537142440562e-21,-568.4735006633713,-443.8717263969774,4.147841003878513e-12,source_Q,0.0003
2.499195029396249e-32,4.211537142423093e-21,1,unrestricted,4.211537142448085e-21,-189.49116688779046,-147.95724213232583,5.934163572301647e-12,source_Q,0.0001
2.2654503287239388e-32,4.211537142423093e-21,1,unrestricted,4.211537142400439e-21,-56.847350066337135,-44.387172639697745,5.379153150292579e-12,source_Q,3e-05
7.765409721080097e-32,4.211537142423093e-21,1,unrestricted,4.211537142500747e-21,-18.949116688779046,-14.795724213232583,1.8438421551263575e-11,source_Q,1e-05
3.942137854917623e-34,-3.0407803127216105e-21,2,unrestricted,-3.0407803127220047e-21,-17620.194160220573,-16296.57963922312,1.2964231050908326e-13,source_Q,0.01
1.1213275711363965e-33,-3.0407803127216105e-21,2,unrestricted,-3.0407803127227318e-21,-5286.0582480661715,-4888.9738917669365,3.6876309888127594e-13,source_Q,0.003
5.1338070080072256e-33,-3.0407803127216105e-21,2,unrestricted,-3.0407803127267443e-21,-1762.0194160220572,-1629.657963922312,1.6883189444923363e-12,source_Q,0.001
8.407511755273263e-33,-3.0407803127216105e-21,2,unrestricted,-3.040780312713203e-21,-528.6058248066171,-488.89738917669354,2.764919162393626e-12,source_Q,0.0003
3.0977379449253447e-32,-3.0407803127216105e-21,2,unrestricted,-3.040780312690633e-21,-176.20194160220572,-162.9657963922312,1.0187312552522926e-11,source_Q,0.0001
7.434691438442351e-32,-3.0407803127216105e-21,2,unrestricted,-3.0407803127959574e-21,-52.86058248066172,-48.88973891766936,2.4449945980438253e-11,source_Q,3e-05
3.0004145358411045e-31,-3.0407803127216105e-21,2,unrestricted,-3.040780313021652e-21,-17.620194160220574,-16.296579639223122,9.867251913228887e-11,source_Q,1e-05
4.322057629103387e-34,-1.89243564075753e-21,3,unrestricted,-1.8924356407570977e-21,-16822.323177683247,-16491.328037423522,2.283859770984494e-13,source_Q,0.01
1.5606803396997347e-33,-1.89243564075753e-21,3,unrestricted,-1.8924356407559692e-21,-5046.696953304974,-4947.398411227056,8.246940112980563e-13,source_Q,0.003
7.467116274615433e-33,-1.89243564075753e-21,3,unrestricted,-1.892435640764997e-21,-1682.2323177683247,-1649.1328037423523,3.945770262298799e-12,source_Q,0.001
5.4610646352761504e-33,-1.89243564075753e-21,3,unrestricted,-1.892435640762991e-21,-504.66969533049735,-494.7398411227056,2.8857333468366307e-12,source_Q,0.0003
6.313852872955897e-32,-1.89243564075753e-21,3,unrestricted,-1.8924356408206684e-21,-168.22323177683248,-164.91328037423523,3.3363633282812733e-11,source_Q,0.0001
8.732474817569383e-32,-1.89243564075753e-21,3,unrestricted,-1.892435640670205e-21,-50.46696953304974,-49.473984112270564,4.614410461046818e-11,source_Q,3e-05
1.6255638662832023e-31,-1.89243564075753e-21,3,unrestricted,-1.8924356405949735e-21,-16.82232317768325,-16.49132803742352,8.589797355710863e-11,source_Q,1e-05
0.0,4.957726454205926e-22,4,unrestricted,4.957726454205926e-22,-16069.62232588437,-16868.5112281527,0.0,source_Q,0.01
3.009265538105056e-34,4.957726454205926e-22,4,unrestricted,4.957726454202916e-22,-4820.886697765311,-5060.55336844581,6.069849891681946e-13,source_Q,0.003
4.9652881378733424e-33,4.957726454205926e-22,4,unrestricted,4.9577264542555785e-22,-1606.962232588437,-1686.85112281527,1.0015252321275212e-11,source_Q,0.001
1.4494691701571397e-32,4.957726454205926e-22,4,unrestricted,4.9577264543508725e-22,-482.08866977653105,-506.05533684458095,2.923657010014079e-11,source_Q,0.0003
8.471082489765733e-32,4.957726454205926e-22,4,unrestricted,4.957726455053034e-22,-160.6962232588437,-168.685112281527,1.7086627445084681e-10,source_Q,0.0001
1.7248103841253877e-31,4.957726454205926e-22,4,unrestricted,4.957726455930736e-22,-48.20886697765311,-50.6055336844581,3.479034997306339e-10,source_Q,3e-05
1.9755828257659693e-31,4.957726454205926e-22,4,unrestricted,4.957726456181508e-22,-16.06962232588437,-16.868511228152702,3.984856453889198e-10,source_Q,1e-05
6.0937627146627384e-34,-2.298501685119248e-21,5,unrestricted,-2.2985016851186388e-21,-15892.985899821395,-19765.615388588707,2.651189143829838e-13,source_Q,0.01
2.682007910836131e-34,-2.298501685119248e-21,5,unrestricted,-2.2985016851195163e-21,-4767.895769946418,-5929.684616576612,1.1668505305868358e-13,source_Q,0.003
2.0237310743756502e-33,-2.298501685119248e-21,5,unrestricted,-2.298501685121272e-21,-1589.2985899821394,-1976.5615388588706,8.804566415928719e-13,source_Q,0.001
1.8073272663666703e-32,-2.298501685119248e-21,5,unrestricted,-2.2985016851373214e-21,-476.7895769946418,-592.9684616576611,7.86306696256742e-12,source_Q,0.0003
8.042262150585762e-33,-2.298501685119248e-21,5,unrestricted,-2.2985016851272904e-21,-158.92985899821394,-197.65615388588705,3.498915055251971e-12,source_Q,0.0001
2.1514480653947514e-31,-2.298501685119248e-21,5,unrestricted,-2.2985016849041033e-21,-47.678957699464185,-59.29684616576612,9.360219656672267e-11,source_Q,3e-05
1.3593604752005064e-31,-2.298501685119248e-21,5,unrestricted,-2.2985016852551842e-21,-15.892985899821396,-19.765615388588706,5.914115634550782e-11,source_Q,1e-05
2.114009040518802e-34,-4.0105234677187155e-21,6,unrestricted,-4.010523467718927e-21,-17381.18424601885,-20031.67457425278,5.2711548942046266e-14,source_Q,0.01
8.418420342848894e-34,-4.0105234677187155e-21,6,unrestricted,-4.010523467717874e-21,-5214.355271763155,-6009.502372275834,2.0990826785106682e-13,source_Q,0.003
3.0987911878636814e-33,-4.0105234677187155e-21,6,unrestricted,-4.010523467715617e-21,-1738.1184219758138,-2003.167457425278,7.726650181220234e-13,source_Q,0.001
1.0621955033126321e-32,-4.0105234677187155e-21,6,unrestricted,-4.0105234677080936e-21,-521.4355245502445,-600.9502372275833,2.6485208523585454e-12,source_Q,0.0003
4.823777425943952e-32,-4.0105234677187155e-21,6,unrestricted,-4.010523467670478e-21,-173.81183957151057,-200.31674574252781,1.2027800023541156e-11,source_Q,0.0001
1.67426506743551e-31,-4.0105234677187155e-21,6,unrestricted,-4.010523467886142e-21,-52.143549828953645,-60.09502372275834,4.174679641976695e-11,source_Q,3e-05
1.8365472347416704e-31,-4.0105234677187155e-21,6,unrestricted,-4.010523467535061e-21,-17.381181331080246,-20.03167457425278,4.579320503979855e-11,source_Q,1e-05
1.504632769052528e-36,-2.4966963997219344e-21,7,unrestricted,-2.496696399721933e-21,-19044.470021018307,-17252.725487369084,6.026494728073883e-16,source_Q,0.01
2.1079905094425917e-33,-2.4966963997219344e-21,7,unrestricted,-2.4966963997198264e-21,-5704.86768799196,-5133.518388967105,8.443119114031509e-13,source_Q,0.003
1.3556741249163277e-33,-2.4966963997219344e-21,7,unrestricted,-2.4966963997205787e-21,-1893.5527356987182,-1670.8877894236841,5.429871749994568e-13,source_Q,0.001
4.3645635048291206e-33,-2.4966963997219344e-21,7,unrestricted,-2.4966963997175698e-21,-559.5925023960833,-499.4757389516139,1.7481354582460315e-12,source_Q,0.0003
4.364939663021384e-33,-2.4966963997219344e-21,7,unrestricted,-2.4966963997175694e-21,-184.7302883900435,-166.49191298387132,1.7482861206142333e-12,source_Q,0.0001
1.0681388027503896e-32,-2.4966963997219344e-21,7,unrestricted,-2.4966963997326157e-21,-55.41908651701305,-49.9475738951614,4.278208607459649e-12,source_Q,3e-05
6.125341194903228e-31,-2.4966963997219344e-21,7,unrestricted,-2.4966964003344685e-21,-18.47302883900435,-16.649191298387134,2.4533784706804673e-10,source_Q,1e-05
4.3775409624621987e-35,4.136167842733311e-22,0,positivity_preserving,4.136167842733749e-22,0.0,0.0,1.0583567033317924e-13,source_Q,0.01
1.7367223736788805e-33,4.136167842733311e-22,0,positivity_preserving,4.136167842715944e-22,0.0,0.0,4.198868227095927e-12,source_Q,0.003
1.7741030940350292e-33,4.136167842733311e-22,0,positivity_preserving,4.136167842751052e-22,0.0,0.0,4.2892434772730245e-12,source_Q,0.001
1.3058895881703022e-32,4.136167842733311e-22,0,positivity_preserving,4.1361678428639e-22,0.0,0.0,3.1572451549918945e-11,source_Q,0.0003
2.810517655245427e-32,4.136167842733311e-22,0,positivity_preserving,4.136167843014363e-22,0.0,0.0,6.794979706114024e-11,source_Q,0.0001
3.813604600621311e-32,4.136167842733311e-22,0,positivity_preserving,4.1361678431146715e-22,0.0,0.0,9.220139862847443e-11,source_Q,3e-05
2.1263611351572425e-31,4.136167842733311e-22,0,positivity_preserving,4.13616784060695e-22,0.0,0.0,5.1408966367092e-10,source_Q,1e-05
1.011489378995562e-33,-5.174320973906473e-22,1,positivity_preserving,-5.174320973916588e-22,0.0,0.0,1.9548253463524794e-12,source_Q,0.01
1.664500000764359e-35,-5.174320973906473e-22,1,positivity_preserving,-5.1743209739063065e-22,0.0,0.0,3.216847213689e-14,source_Q,0.003
2.741817063405969e-33,-5.174320973906473e-22,1,positivity_preserving,-5.174320973933891e-22,0.0,0.0,5.298892506345564e-12,source_Q,0.001
1.7069118369420272e-32,-5.174320973906473e-22,1,positivity_preserving,-5.174320973735782e-22,0.0,0.0,3.2988132076649174e-11,source_Q,0.0003
8.008031755089817e-33,-5.174320973906473e-22,1,positivity_preserving,-5.174320973986553e-22,0.0,0.0,1.5476488210672345e-11,source_Q,0.0001
1.2336324206229965e-31,-5.174320973906473e-22,1,positivity_preserving,-5.174320975140105e-22,0.0,0.0,2.384143594578048e-10,source_Q,3e-05
3.531038328175169e-31,-5.174320973906473e-22,1,positivity_preserving,-5.174320970375435e-22,0.0,0.0,6.824157886574497e-10,source_Q,1e-05
3.745125001719808e-34,-2.784538437864717e-22,2,positivity_preserving,-2.7845384378609718e-22,0.0,0.0,1.3449715582276907e-12,source_Q,0.01
1.3307536446788952e-33,-2.784538437864717e-22,2,positivity_preserving,-2.7845384378780244e-22,0.0,0.0,4.7790816121732705e-12,source_Q,0.003
1.5815100995963056e-33,-2.784538437864717e-22,2,positivity_preserving,-2.784538437880532e-22,0.0,0.0,5.6796131024467514e-12,source_Q,0.001
8.853917489941535e-33,-2.784538437864717e-22,2,positivity_preserving,-2.784538437953256e-22,0.0,0.0,3.1796714922459585e-11,source_Q,0.0003
2.640795078896302e-32,-2.784538437864717e-22,2,positivity_preserving,-2.7845384381287964e-22,0.0,0.0,9.48378030263916e-11,source_Q,0.0001
1.0414729485008562e-31,-2.784538437864717e-22,2,positivity_preserving,-2.78453843890619e-22,0.0,0.0,3.7401995761261416e-10,source_Q,3e-05
4.552282899689335e-31,-2.784538437864717e-22,2,positivity_preserving,-2.784538442417e-22,0.0,0.0,1.6348429017127116e-09,source_Q,1e-05
7.927533901945507e-35,3.441949092659919e-22,3,positivity_preserving,3.441949092659126e-22,0.0,0.0,2.3032106775928964e-13,source_Q,0.01
2.7625527837544743e-33,3.441949092659919e-22,3,positivity_preserving,3.4419490926322934e-22,0.0,0.0,8.026129118660465e-12,source_Q,0.003
7.482726839594353e-34,3.441949092659919e-22,3,positivity_preserving,3.4419490926674017e-22,0.0,0.0,2.1739795209497838e-12,source_Q,0.001
1.7307273524896868e-32,3.441949092659919e-22,3,positivity_preserving,3.441949092486846e-22,0.0,0.0,5.0283351261078366e-11,source_Q,0.0003
1.278533483637966e-32,3.441949092659919e-22,3,positivity_preserving,3.4419490927877723e-22,0.0,0.0,3.7145624447627215e-11,source_Q,0.0001
2.234339225037336e-31,3.441949092659919e-22,3,positivity_preserving,3.441949094894258e-22,0.0,0.0,6.491494106644823e-10,source_Q,3e-05
2.2343387548395955e-31,3.441949092659919e-22,3,positivity_preserving,3.4419490948942577e-22,0.0,0.0,6.491492740564943e-10,source_Q,1e-05
2.633107345841924e-35,-6.429450695061363e-22,4,positivity_preserving,-6.4294506950611e-22,0.0,0.0,4.095384614838847e-14,source_Q,0.01
9.265716670921599e-34,-6.429450695061363e-22,4,positivity_preserving,-6.429450695070629e-22,0.0,0.0,1.4411365932145416e-12,source_Q,0.003
1.0795740117951888e-33,-6.429450695061363e-22,4,positivity_preserving,-6.429450695050567e-22,0.0,0.0,1.6791076920839274e-12,source_Q,0.001
1.712892752199011e-32,-6.429450695061363e-22,4,positivity_preserving,-6.429450694890074e-22,0.0,0.0,2.6641354501944166e-11,source_Q,0.0003
2.299455029304526e-32,-6.429450695061363e-22,4,positivity_preserving,-6.429450695291309e-22,0.0,0.0,3.576440878644268e-11,source_Q,0.0001
1.4587283040596967e-31,-6.429450695061363e-22,4,positivity_preserving,-6.429450696520091e-22,0.0,0.0,2.2688225996976472e-10,source_Q,3e-05
4.5563947789285114e-32,-6.429450695061363e-22,4,positivity_preserving,-6.429450695517003e-22,0.0,0.0,7.086755922132513e-11,source_Q,1e-05
1.6720231646096218e-34,-8.94351125029331e-22,5,positivity_preserving,-8.943511250291637e-22,0.0,0.0,1.8695377216132943e-13,source_Q,0.01
5.433605087240942e-34,-8.94351125029331e-22,5,positivity_preserving,-8.943511250287876e-22,0.0,0.0,6.075471853476724e-13,source_Q,0.003
2.0895587580216983e-34,-8.94351125029331e-22,5,positivity_preserving,-8.943511250295399e-22,0.0,0.0,2.3363964102501346e-13,source_Q,0.001
6.979803336538546e-33,-8.94351125029331e-22,5,positivity_preserving,-8.943511250363107e-22,0.0,0.0,7.804321078379185e-12,source_Q,0.0003
3.7072458717589106e-32,-8.94351125029331e-22,5,positivity_preserving,-8.943511250664034e-22,0.0,0.0,4.1451794133286615e-11,source_Q,0.0001
8.83136680631536e-32,-8.94351125029331e-22,5,positivity_preserving,-8.943511249410173e-22,0.0,0.0,9.874608036106322e-11,source_Q,3e-05
1.886224566402901e-31,-8.94351125029331e-22,5,positivity_preserving,-8.943511248407085e-22,0.0,0.0,2.109042537785191e-10,source_Q,1e-05
8.995823167972802e-34,-4.268257867390025e-22,6,positivity_preserving,-4.268257867399021e-22,0.0,0.0,2.1076100478141007e-12,source_Q,0.01
6.9899596077296504e-34,-4.268257867390025e-22,6,positivity_preserving,-4.268257867397015e-22,0.0,0.0,1.6376610375707933e-12,source_Q,0.003
1.2005088706077858e-33,-4.268257867390025e-22,6,positivity_preserving,-4.26825786740203e-22,0.0,0.0,2.8126437246910732e-12,source_Q,0.001
2.2766974586726064e-32,-4.268257867390025e-22,6,positivity_preserving,-4.268257867617695e-22,0.0,0.0,5.334020411622347e-11,source_Q,0.0003
2.7387513741390246e-32,-4.268257867390025e-22,6,positivity_preserving,-4.26825786711615e-22,0.0,0.0,6.416555557862134e-11,source_Q,0.0001
1.735659726785737e-32,-4.268257867390025e-22,6,positivity_preserving,-4.268257867216459e-22,0.0,0.0,4.0664359575047575e-11,source_Q,3e-05
1.0802943547333727e-31,-4.268257867390025e-22,6,positivity_preserving,-4.26825786847032e-22,0.0,0.0,2.530995990160164e-10,source_Q,1e-05
6.454874579235345e-34,5.883442769588533e-22,7,positivity_preserving,5.883442769594988e-22,0.0,0.0,1.0971254131340478e-12,source_Q,0.01
1.4108753396309424e-33,5.883442769588533e-22,7,positivity_preserving,5.883442769574424e-22,0.0,0.0,2.3980437898091663e-12,source_Q,0.003
2.664704633992027e-33,5.883442769588533e-22,7,positivity_preserving,5.883442769561886e-22,0.0,0.0,4.529158756784146e-12,source_Q,0.001
5.1723632227141966e-33,5.883442769588533e-22,7,positivity_preserving,5.883442769536809e-22,0.0,0.0,8.791388690734105e-12,source_Q,0.0003
1.2381623056533253e-32,5.883442769588533e-22,7,positivity_preserving,5.883442769712349e-22,0.0,0.0,2.104486019738946e-11,source_Q,0.0001
4.529593507729763e-32,5.883442769588533e-22,7,positivity_preserving,5.883442769135573e-22,0.0,0.0,7.698882584773654e-11,source_Q,3e-05
4.858365171722547e-33,5.883442769588533e-22,7,positivity_preserving,5.883442769637116e-22,0.0,0.0,8.257690882684194e-12,source_Q,1e-05
