case,projection,method,region,cell_count,raw_max_abs_K_m,p99_abs_K_m,rms_abs_K_m,mean_abs_K_m,median_abs_K_m,raw_max_over_p99
Maxwell_a,surface,mask_aware_finite_difference,original_staircase_edge,142,14090.416203606736,14085.760648148387,9035.610992976179,7646.487816056627,8372.527856144123,1.0003305150197168
Maxwell_a,surface,mask_aware_finite_difference,inside_n_0p1um,283,16971.67391960936,16950.26257972594,10613.188465812771,8930.123146355581,10039.536899808263,1.0012631863242656
Maxwell_a,surface,mask_aware_finite_difference,inside_n_0p2um,283,16971.67391960936,16950.26257972594,10961.289253348503,9224.648966615323,10431.586821594808,1.0012631863242656
Maxwell_a,surface,mask_aware_finite_difference,inside_n_0p3um,283,15093.178725392861,15079.540003507078,9169.408338476389,7661.589235224076,8669.087580922318,1.0009044521174129
Maxwell_a,surface,mask_aware_finite_difference,inside_band_0p1_to_0p3um,425,16971.67391960936,16939.46289895207,10580.257904749278,8876.423185337273,10080.420502419849,1.0019015373066686
Maxwell_a,surface,least_squares_radius_0.2um,original_staircase_edge,142,15479.63596092952,15464.018106304704,10011.011995395655,8433.936808691684,9471.918312930327,1.0010099480301597
Maxwell_a,surface,least_squares_radius_0.2um,inside_n_0p1um,283,16300.940216512283,16177.956103083661,10542.411164602498,8868.809847700195,10060.70065532162,1.0076019561831535
Maxwell_a,surface,least_squares_radius_0.2um,inside_n_0p2um,283,16300.940216512283,16169.204863911502,10532.170055089306,8852.296781867164,10035.187259579616,1.0081472993699774
Maxwell_a,surface,least_squares_radius_0.2um,inside_n_0p3um,283,15260.17298839046,15016.900081430214,9067.784387251713,7577.951765166181,8323.967055233466,1.0161999417750056
Maxwell_a,surface,least_squares_radius_0.2um,inside_band_0p1_to_0p3um,425,16300.940216512283,16157.42686777767,10243.623675550725,8590.626764700382,9756.235659468099,1.0088821908283438
Maxwell_a,surface,least_squares_radius_0.3um,original_staircase_edge,142,16168.637885486078,16161.658343584088,10524.69258082453,8870.516079079554,9945.760935207169,1.0004318580280323
Maxwell_a,surface,least_squares_radius_0.3um,inside_n_0p1um,283,16134.762351784855,16109.398498337978,10389.089364952375,8735.771367640844,9839.51629952921,1.0015744755118878
Maxwell_a,surface,least_squares_radius_0.3um,inside_n_0p2um,283,15744.642252613858,15741.149867506518,10047.6340123433,8431.864767910718,9581.440208399257,1.000221863404944
Maxwell_a,surface,least_squares_radius_0.3um,inside_n_0p3um,283,14475.89467679313,14392.522449829063,8726.44665022575,7306.549596319916,8088.373134050335,1.005792746007845
Maxwell_a,surface,least_squares_radius_0.3um,inside_band_0p1_to_0p3um,425,15744.642252613858,15719.315274650158,9775.619079420674,8192.378121140144,9207.737540503456,1.0016112010937617
Maxwell_a,surface,least_squares_radius_0.4um,original_staircase_edge,142,16112.401595344842,16105.113982989667,10495.675735090323,8831.770670177093,9930.913765924775,1.0004525029976734
Maxwell_a,surface,least_squares_radius_0.4um,inside_n_0p1um,283,15706.329564913029,15691.838567605937,10030.221747948315,8425.974595963658,9488.376509442676,1.0009234735142514
Maxwell_a,surface,least_squares_radius_0.4um,inside_n_0p2um,283,15165.373919601881,15136.890643656623,9566.810703147017,8025.057457566371,9050.7496384434,1.0018817124742323
Maxwell_a,surface,least_squares_radius_0.4um,inside_n_0p3um,283,13676.319893613674,13556.088999732441,8304.982733451054,6975.396564482044,7760.990262733884,1.0088691431491492
Maxwell_a,surface,least_squares_radius_0.4um,inside_band_0p1_to_0p3um,425,15165.373919601881,15127.56528650723,9277.542529055414,7775.44798764996,8741.113810667057,1.0024993204377954
Maxwell_a,midplane,mask_aware_finite_difference,original_staircase_edge,142,14222.297631668298,14217.122498001556,9203.031654801916,7743.589718341915,8649.138123246426,1.000364007109559
Maxwell_a,midplane,mask_aware_finite_difference,inside_n_0p1um,283,15842.744349198994,15824.693788155286,10104.987704919839,8506.550222105605,9620.875070519709,1.0011406578405466
Maxwell_a,midplane,mask_aware_finite_difference,inside_n_0p2um,283,15842.744349198994,15824.693788155286,10271.324597740038,8641.9301429462,9803.748476609862,1.0011406578405466
Maxwell_a,midplane,mask_aware_finite_difference,inside_n_0p3um,283,14423.138092251136,14411.507913848844,8833.2998919759,7378.057920753702,8347.243565892615,1.0008070063501902
Maxwell_a,midplane,mask_aware_finite_difference,inside_band_0p1_to_0p3um,425,15842.744349198994,15811.643834661474,9975.394097728724,8370.952192218778,9509.814095353204,1.0019669374584155
Maxwell_a,midplane,least_squares_radius_0.2um,original_staircase_edge,142,15018.366766842939,15003.335910823287,9775.374929184065,8230.62382261671,9306.156935920015,1.001001834265992
Maxwell_a,midplane,least_squares_radius_0.2um,inside_n_0p1um,283,15419.588730332009,15392.475304468859,10057.689887196664,8463.574087059587,9600.875051629711,1.0017614727538513
Maxwell_a,midplane,least_squares_radius_0.2um,inside_n_0p2um,283,15419.588730332009,15333.539260499887,9987.927304139514,8395.003871586923,9519.13773164423,1.0056118465782906
Maxwell_a,midplane,least_squares_radius_0.2um,inside_n_0p3um,283,14506.972337951669,14300.643453580706,8716.246168600099,7281.4602396080445,8131.137750806695,1.0144279441020048
Maxwell_a,midplane,least_squares_radius_0.2um,inside_band_0p1_to_0p3um,425,15419.588730332009,15310.339802253462,9735.409881251873,8165.313821669186,9294.623703642186,1.007135630527447
Maxwell_a,midplane,least_squares_radius_0.3um,original_staircase_edge,142,15428.142239621826,15422.953285391128,10072.283289797695,8490.39448752537,9520.086439792549,1.0003364436197582
Maxwell_a,midplane,least_squares_radius_0.3um,inside_n_0p1um,283,15328.601403074272,15306.33749030561,9896.350873532367,8322.40355173437,9408.809782318429,1.00145455519864
Maxwell_a,midplane,least_squares_radius_0.3um,inside_n_0p2um,283,14974.773428604198,14966.030500012204,9589.56669542961,8047.2835266314305,9111.393360251674,1.0005841848706634
Maxwell_a,midplane,least_squares_radius_0.3um,inside_n_0p3um,283,13826.890828238027,13756.11751061678,8391.543101174466,7018.992097126601,7803.977756112511,1.0051448613728857
Maxwell_a,midplane,least_squares_radius_0.3um,inside_band_0p1_to_0p3um,425,14974.773428604198,14952.783200242386,9341.725084675421,7826.8663151125775,8896.540020204335,1.0014706444992432
Maxwell_a,midplane,least_squares_radius_0.4um,original_staircase_edge,142,15312.093922841083,15305.789019445767,9996.635779169635,8413.031411516045,9487.156697541908,1.000411929328655
Maxwell_a,midplane,least_squares_radius_0.4um,inside_n_0p1um,283,14966.084583210377,14953.761319161542,9584.131895998986,8050.333822868179,9159.474299458067,1.000824091262781
Maxwell_a,midplane,least_squares_radius_0.4um,inside_n_0p2um,283,14466.010369528236,14444.817885679879,9162.265178580637,7681.875291167258,8700.62326198127,1.001467134028001
Maxwell_a,midplane,least_squares_radius_0.4um,inside_n_0p3um,283,13142.168660828469,13040.159411787803,8013.662260054527,6716.671626125711,7553.398235587371,1.0078226995406554
Maxwell_a,midplane,least_squares_radius_0.4um,inside_band_0p1_to_0p3um,425,14466.010369528236,14437.006614790336,8900.224276981531,7454.0809163323875,8371.702309499768,1.00200898673193
Maxwell_a,thickness_average,mask_aware_finite_difference,original_staircase_edge,142,14999.705865504739,14995.115773486326,9790.071259180673,8241.834577313879,9288.109619019217,1.0003061058072342
Maxwell_a,thickness_average,mask_aware_finite_difference,inside_n_0p1um,283,16514.41241539084,16494.379323677505,10666.929913205022,9015.19672292513,10152.983522995191,1.0012145405001436
Maxwell_a,thickness_average,mask_aware_finite_difference,inside_n_0p2um,283,16514.41241539084,16494.379323677505,10699.843116219883,9035.719183625364,10152.983522995191,1.0012145405001436
Maxwell_a,thickness_average,mask_aware_finite_difference,inside_n_0p3um,283,14614.56367479904,14597.680072208415,8941.013773274968,7465.551036439734,8472.518452508108,1.0011565949183094
Maxwell_a,thickness_average,mask_aware_finite_difference,inside_band_0p1_to_0p3um,425,16514.41241539084,16483.61721267803,10319.858696930796,8679.914225433666,9839.565576952615,1.0018682308813338
Maxwell_a,thickness_average,least_squares_radius_0.2um,original_staircase_edge,142,15823.95395004451,15806.160873666047,10377.142324183764,8760.285621392164,9821.887297438054,1.0011257051298337
Maxwell_a,thickness_average,least_squares_radius_0.2um,inside_n_0p1um,283,16116.572807934132,16095.931307733379,10572.323099480876,8928.053986269188,10080.497138578128,1.0012824048392177
Maxwell_a,thickness_average,least_squares_radius_0.2um,inside_n_0p2um,283,15984.82787448999,15967.718298596652,10395.477247863144,8762.790586813357,9854.204463304366,1.0010715103794663
Maxwell_a,thickness_average,least_squares_radius_0.2um,inside_n_0p3um,283,14753.640322825504,14547.616880942614,8843.66720396945,7384.676345146851,8303.873860737964,1.0141620062975938
Maxwell_a,thickness_average,least_squares_radius_0.2um,inside_band_0p1_to_0p3um,425,15984.82787448999,15950.685384439234,10071.513611725062,8462.3036959591,9531.56208603491,1.0021405030083577
Maxwell_a,thickness_average,least_squares_radius_0.3um,original_staircase_edge,142,16105.728639786796,16099.829999618574,10591.833987867847,8953.468103083296,10021.301791129448,1.0003663790343351
Maxwell_a,thickness_average,least_squares_radius_0.3um,inside_n_0p1um,283,15902.918083564457,15886.268028194072,10301.886332893915,8684.768309806574,9782.621543462652,1.0010480784625335
Maxwell_a,thickness_average,least_squares_radius_0.3um,inside_n_0p2um,283,15450.22654819829,15425.735261788497,9920.92784862676,8339.832651154817,9491.74011050804,1.001587690051343
Maxwell_a,thickness_average,least_squares_radius_0.3um,inside_n_0p3um,283,14095.351198560433,14041.153583271504,8547.851152866973,7142.716080950933,7863.416586297579,1.003859911863189
Maxwell_a,thickness_average,least_squares_radius_0.3um,inside_band_0p1_to_0p3um,425,15450.22654819829,15409.911247460528,9633.36698830707,8079.058944003346,9193.01011520314,1.0026161929222277
Maxwell_a,thickness_average,least_squares_radius_0.4um,original_staircase_edge,142,15867.930999648448,15866.918746581308,10427.368172527402,8798.52329244929,9933.1211751122,1.0000637964486556
Maxwell_a,thickness_average,least_squares_radius_0.4um,inside_n_0p1um,283,15445.00444896839,15424.568208291928,9917.430671164717,8342.943294156745,9453.105658560264,1.0013249149279573
Maxwell_a,thickness_average,least_squares_radius_0.4um,inside_n_0p2um,283,14859.934225294717,14828.791639728122,9429.168058663918,7909.900917830385,8991.901699978845,1.0021001431757366
Maxwell_a,thickness_average,least_squares_radius_0.4um,inside_n_0p3um,283,13388.113585926194,13312.703649585634,8166.993885541843,6832.099004955337,7587.392652239452,1.0056645095035153
Maxwell_a,thickness_average,least_squares_radius_0.4um,inside_band_0p1_to_0p3um,425,14859.934225294717,14818.589426188952,9140.260541082105,7653.388579184473,8636.714311170508,1.0027900630698827
Maxwell_b,surface,mask_aware_finite_difference,original_staircase_edge,142,11725.214678403974,11720.989394058635,7546.000506347959,6400.637431431735,7034.637361148534,1.0003604887098934
Maxwell_b,surface,mask_aware_finite_difference,inside_n_0p1um,283,10637.215070359196,10624.408800568555,6117.500930081955,5152.535770185187,5527.015881648401,1.0012053630494673
Maxwell_b,surface,mask_aware_finite_difference,inside_n_0p2um,283,8202.688023153343,8192.145557788164,4581.177479520643,3856.982295033443,3939.372679147504,1.001286899175657
Maxwell_b,surface,mask_aware_finite_difference,inside_n_0p3um,283,4032.3327731667123,4026.903850913444,2198.7228917908587,1904.3745842146348,1529.3758932040128,1.001348162870101
Maxwell_b,surface,mask_aware_finite_difference,inside_band_0p1_to_0p3um,425,8202.688023153343,8185.5736211230615,4025.3650333044807,3322.461055373784,2987.744126938078,1.0020908005745763
Maxwell_b,surface,least_squares_radius_0.2um,original_staircase_edge,142,10763.650673747037,10755.486800107932,6899.814552106624,5860.124285818905,6400.456634465915,1.0007590426905664
Maxwell_b,surface,least_squares_radius_0.2um,inside_n_0p1um,283,9404.549100108372,9369.70911404556,5653.576698783834,4796.236054608491,5248.701772842088,1.0037183636801046
Maxwell_b,surface,least_squares_radius_0.2um,inside_n_0p2um,283,8487.937376316697,8457.870351568603,4638.666783293445,3912.0472470247805,4015.4353303549196,1.0035549167223303
Maxwell_b,surface,least_squares_radius_0.2um,inside_n_0p3um,283,4568.813748385833,4368.45817405988,2300.816166259269,1981.0095873939363,1541.0575471583195,1.0458641393239552
Maxwell_b,surface,least_squares_radius_0.2um,inside_band_0p1_to_0p3um,425,8487.937376316697,8425.535943239858,4092.819277480003,3387.2615262415584,3158.568839232433,1.0074062271524586
Maxwell_b,surface,least_squares_radius_0.3um,original_staircase_edge,142,9016.960114399744,9013.557334743453,5801.712094024439,4948.778490912032,5368.185360911992,1.0003775179465686
Maxwell_b,surface,least_squares_radius_0.3um,inside_n_0p1um,283,7835.108183310624,7826.403424856496,4679.677530862472,3987.6523100384666,4287.786648535213,1.0011122297154376
Maxwell_b,surface,least_squares_radius_0.3um,inside_n_0p2um,283,6800.4961241682895,6693.779465990165,4031.4611466036827,3445.3601632734526,3715.2286145831376,1.0159426612006464
Maxwell_b,surface,least_squares_radius_0.3um,inside_n_0p3um,283,4782.825710315657,4762.872914987225,2527.7600698633164,2160.2160840398697,1874.7815051595721,1.004189235296547
Maxwell_b,surface,least_squares_radius_0.3um,inside_band_0p1_to_0p3um,425,6800.4961241682895,6686.876814317974,3701.4075625814053,3140.58215882649,3142.877522584456,1.0169913867124085
Maxwell_b,surface,least_squares_radius_0.4um,original_staircase_edge,142,7677.870891496542,7650.769964263506,4918.634164054682,4205.923165271605,4539.387775693995,1.0035422483435816
Maxwell_b,surface,least_squares_radius_0.4um,inside_n_0p1um,283,6877.339065061036,6813.166452966969,4091.307388908377,3502.389826422651,3771.6570007584824,1.0094189115350503
Maxwell_b,surface,least_squares_radius_0.4um,inside_n_0p2um,283,5951.625747274686,5889.597769280097,3503.354616352679,3006.027191191272,3171.987544472793,1.0105317850937332
Maxwell_b,surface,least_squares_radius_0.4um,inside_n_0p3um,283,4562.796376472528,4485.21494555201,2540.74552432206,2184.5181376870373,2190.299760025913,1.017297148935405
Maxwell_b,surface,least_squares_radius_0.4um,inside_band_0p1_to_0p3um,425,5951.625747274686,5874.282234821034,3282.336221515651,2806.253190028343,2819.0902594640324,1.0131664617670533
Maxwell_b,midplane,mask_aware_finite_difference,original_staircase_edge,142,12242.390576210937,12237.833758121633,7955.13186114881,6713.899494754765,7510.408303686725,1.0003723549591674
Maxwell_b,midplane,mask_aware_finite_difference,inside_n_0p1um,283,11383.151696219338,11370.017722234517,6772.263274007981,5688.227443339088,6292.059872323275,1.0011551410301796
Maxwell_b,midplane,mask_aware_finite_difference,inside_n_0p2um,283,9228.53179809891,9221.370002037891,5317.760029345795,4436.424561270146,4889.414603745413,1.0007766520657382
Maxwell_b,midplane,mask_aware_finite_difference,inside_n_0p3um,283,4814.535654619813,4809.853141165801,2632.8353004727114,2179.694273082493,2218.150036433703,1.0009735252442398
Maxwell_b,midplane,mask_aware_finite_difference,inside_band_0p1_to_0p3um,425,9228.53179809891,9208.568397778681,4696.953844114888,3829.9169356448056,3910.1535749521454,1.0021679157343333
Maxwell_b,midplane,least_squares_radius_0.2um,original_staircase_edge,142,11490.837921161687,11483.529756484926,7463.570634555905,6306.624679075183,7073.2812096800435,1.0006364040353215
Maxwell_b,midplane,least_squares_radius_0.2um,inside_n_0p1um,283,10277.66073892352,10243.382201254235,6322.187414181075,5326.990586929251,5988.087948243781,1.0033464081487742
Maxwell_b,midplane,least_squares_radius_0.2um,inside_n_0p2um,283,9375.74225270367,9343.98037531461,5305.436427427153,4432.834866758308,4865.651004213305,1.0033991806610565
Maxwell_b,midplane,least_squares_radius_0.2um,inside_n_0p3um,283,5415.459910759934,5192.859458439508,2749.249831079574,2275.045244963778,2394.748442901911,1.042866642955001
Maxwell_b,midplane,least_squares_radius_0.2um,inside_band_0p1_to_0p3um,425,9375.74225270367,9329.260382155537,4713.495179691947,3858.3587965613956,3971.3040321175345,1.0049823746625233
Maxwell_b,midplane,least_squares_radius_0.3um,original_staircase_edge,142,9904.279126099746,9900.712025010265,6461.777643710899,5470.384305581371,6096.730920090166,1.000360287328878
Maxwell_b,midplane,least_squares_radius_0.3um,inside_n_0p1um,283,8740.459249624955,8724.813088910458,5332.239008230104,4494.121085702651,5069.746708729836,1.0017932946591583
Maxwell_b,midplane,least_squares_radius_0.3um,inside_n_0p2um,283,7644.392142103703,7567.306253283543,4641.590829594741,3906.5265074496924,4403.592056461733,1.0101867013492036
Maxwell_b,midplane,least_squares_radius_0.3um,inside_n_0p3um,283,5530.815156332456,5499.653382482471,2977.207798742432,2471.885306769738,2657.1494712821327,1.0056661341511526
Maxwell_b,midplane,least_squares_radius_0.3um,inside_band_0p1_to_0p3um,425,7644.392142103703,7556.680062737449,4278.182525954593,3569.9677717380555,3959.135501947735,1.0116072241563818
Maxwell_b,midplane,least_squares_radius_0.4um,original_staircase_edge,142,8577.137125125662,8557.701916366552,5584.118893001415,4722.241042902559,5287.027774067771,1.002271078024106
Maxwell_b,midplane,least_squares_radius_0.4um,inside_n_0p1um,283,7732.579593919928,7688.604761492839,4698.68437351252,3962.686336736517,4421.4534709379805,1.0057194814652626
Maxwell_b,midplane,least_squares_radius_0.4um,inside_n_0p2um,283,6753.947535067152,6736.282198546911,4057.7310347219714,3417.009377736933,3827.54208753821,1.0026224163417696
Maxwell_b,midplane,least_squares_radius_0.4um,inside_n_0p3um,283,5237.189925768898,5207.335197320437,2968.5015983853177,2489.2809620535836,2735.8708502916656,1.0057332065859375
Maxwell_b,midplane,least_squares_radius_0.4um,inside_band_0p1_to_0p3um,425,6753.947535067152,6718.992093236156,3806.782279030224,3190.6779715626667,3506.5593928548446,1.0052024829536836
Maxwell_b,thickness_average,mask_aware_finite_difference,original_staircase_edge,142,13193.92976799405,13189.377839772373,8674.375255183508,7336.056075927711,8252.243451610784,1.000345120768923
Maxwell_b,thickness_average,mask_aware_finite_difference,inside_n_0p1um,283,12295.161107152999,12280.333264698358,7399.896011369008,6242.950252953117,7001.12952725986,1.0012074462585854
Maxwell_b,thickness_average,mask_aware_finite_difference,inside_n_0p2um,283,9952.830340286837,9944.30965673284,5782.846278845881,4839.779238951842,5359.338467867516,1.0008568401274822
Maxwell_b,thickness_average,mask_aware_finite_difference,inside_n_0p3um,283,5090.50732968552,5084.61819331599,2800.6682098382616,2305.585601891604,2423.851466736758,1.0011582258776621
Maxwell_b,thickness_average,mask_aware_finite_difference,inside_band_0p1_to_0p3um,425,9952.830340286837,9932.650169979433,5093.686054022062,4154.678787461521,4281.885390007733,1.0020317004990669
Maxwell_b,thickness_average,least_squares_radius_0.2um,original_staircase_edge,142,12402.437148445857,12391.392046379618,8157.042510376724,6916.497330422609,7735.4812439711,1.000891352805633
Maxwell_b,thickness_average,least_squares_radius_0.2um,inside_n_0p1um,283,11086.042638135405,11058.395927613155,6894.224866171438,5831.513933409374,6533.409352794269,1.0025000651724916
Maxwell_b,thickness_average,least_squares_radius_0.2um,inside_n_0p2um,283,10096.357795082678,10074.535637954792,5764.188576873234,4828.8416139565,5387.923014725253,1.0021660707661477
Maxwell_b,thickness_average,least_squares_radius_0.2um,inside_n_0p3um,283,5739.706112341997,5531.970069632814,2937.4082086858293,2418.1495082572833,2597.560108788136,1.0375519100961028
Maxwell_b,thickness_average,least_squares_radius_0.2um,inside_band_0p1_to_0p3um,425,10096.357795082678,10024.85438293984,5110.190831482262,4185.125582000501,4366.606299281774,1.0071326135434466
Maxwell_b,thickness_average,least_squares_radius_0.3um,original_staircase_edge,142,10672.830340197668,10668.30622840356,7042.19199273255,5978.656488888874,6678.81537356216,1.0004240702973133
Maxwell_b,thickness_average,least_squares_radius_0.3um,inside_n_0p1um,283,9398.028598378442,9391.539035021617,5791.611353865981,4892.94305191172,5525.564557899842,1.0006910010523968
Maxwell_b,thickness_average,least_squares_radius_0.3um,inside_n_0p2um,283,8228.522293517868,8121.739914029488,5029.119851449737,4239.331377697132,4807.864753108771,1.0131477221160363
Maxwell_b,thickness_average,least_squares_radius_0.3um,inside_n_0p3um,283,5894.801207388863,5880.086191412515,3202.408310904847,2651.8403715645395,2958.748884903872,1.0025025170545694
Maxwell_b,thickness_average,least_squares_radius_0.3um,inside_band_0p1_to_0p3um,425,8228.522293517868,8102.297680713637,4630.367255818115,3866.249059426782,4280.999560751936,1.0155788663633885
Maxwell_b,thickness_average,least_squares_radius_0.4um,original_staircase_edge,142,9237.059418243054,9197.053269707618,6067.81969955456,5143.213290377048,5768.422046816057,1.0043498876609973
Maxwell_b,thickness_average,least_squares_radius_0.4um,inside_n_0p1um,283,8312.795551193403,8241.944688154876,5091.286521883365,4298.431063401545,4827.412958749734,1.0085963769133701
Maxwell_b,thickness_average,least_squares_radius_0.4um,inside_n_0p2um,283,7248.095055471303,7209.296148293549,4388.171249379011,3695.8226832216696,4179.514691411547,1.005381788510233
Maxwell_b,thickness_average,least_squares_radius_0.4um,inside_n_0p3um,283,5583.8515155872365,5570.168891051436,3198.127622947389,2678.024903402139,3005.5476775752954,1.0024564110718046
Maxwell_b,thickness_average,least_squares_radius_0.4um,inside_band_0p1_to_0p3um,425,7248.095055471303,7178.001246952709,4113.801307668963,3446.79782660838,3804.447951505753,1.0097650872585666
analytic_a,surface,mask_aware_finite_difference,original_staircase_edge,142,5427.631846111363,5425.070811299087,3854.1139129907037,3589.7614054129544,3886.975169427344,1.0004720739878532
analytic_a,surface,mask_aware_finite_difference,inside_n_0p1um,283,5491.105921674186,5484.24065627617,3663.7061464273283,3338.480480187943,3445.5356076552853,1.0012518169475586
analytic_a,surface,mask_aware_finite_difference,inside_n_0p2um,283,5491.105921674186,5484.24065627617,3533.3068413345127,3142.1139437350716,2760.3880823520512,1.0012518169475586
analytic_a,surface,mask_aware_finite_difference,inside_n_0p3um,283,5235.355128141503,5228.780211264235,3249.0277529038326,2793.64881958738,2958.7575234661067,1.0012574475521276
analytic_a,surface,mask_aware_finite_difference,inside_band_0p1_to_0p3um,425,5491.105921674186,5476.955592396576,3469.844924733906,3056.6869060345825,2880.679764760119,1.0025836121982172
analytic_a,surface,least_squares_radius_0.2um,original_staircase_edge,142,5461.955324940081,5459.974117190283,3746.259429504863,3459.299825171526,3553.906474444311,1.0003628602823518
analytic_a,surface,least_squares_radius_0.2um,inside_n_0p1um,283,5467.485903681138,5457.1360656946645,3607.179759628521,3274.313443616841,3106.3311191558796,1.0018965695305886
analytic_a,surface,least_squares_radius_0.2um,inside_n_0p2um,283,5445.621004850335,5428.941851037084,3511.6187811814902,3134.494787408223,2862.1494564235563,1.0030722660641622
analytic_a,surface,least_squares_radius_0.2um,inside_n_0p3um,283,5254.683337694765,5192.874982311204,3223.785212674279,2779.2653079371894,2917.08089872939,1.0119025309860343
analytic_a,surface,least_squares_radius_0.2um,inside_band_0p1_to_0p3um,425,5445.621004850335,5426.464662124148,3445.882286794514,3046.379596280215,2917.08089872939,1.0035301699944525
analytic_a,surface,least_squares_radius_0.3um,original_staircase_edge,142,5478.683124127701,5474.4457790274855,3634.003950278008,3308.385840543016,3083.3431723495405,1.0007740226629789
analytic_a,surface,least_squares_radius_0.3um,inside_n_0p1um,283,5431.354826927025,5424.992755941401,3509.062742979314,3142.0291083050815,2751.2907256632934,1.0011727335448801
analytic_a,surface,least_squares_radius_0.3um,inside_n_0p2um,283,5349.768278037634,5344.694653805216,3419.7147334734564,3031.939375762623,2765.5288715455754,1.0009492823371688
analytic_a,surface,least_squares_radius_0.3um,inside_n_0p3um,283,5112.91646308845,5084.798631664626,3165.2757346661483,2747.5820442089102,2796.7587353248564,1.0055297826837675
analytic_a,surface,least_squares_radius_0.3um,inside_band_0p1_to_0p3um,425,5349.768278037634,5339.356767741002,3363.741628867972,2967.3729753087514,2765.5288715455754,1.0019499559122058
analytic_a,surface,least_squares_radius_0.4um,original_staircase_edge,142,5430.543145213637,5428.199587455775,3543.03161347556,3183.477141685698,2706.844379396592,1.0004317375807767
analytic_a,surface,least_squares_radius_0.4um,inside_n_0p1um,283,5361.548571002516,5355.651361261539,3430.55643853562,3047.413092263429,2757.594228452391,1.001101119050361
analytic_a,surface,least_squares_radius_0.4um,inside_n_0p2um,283,5258.21660749256,5246.753784039297,3331.962448735286,2936.3359326835657,2786.803161745524,1.0021847458304853
analytic_a,surface,least_squares_radius_0.4um,inside_n_0p3um,283,4982.208507517772,4941.783027919787,3100.4350358804095,2701.303334520176,2691.45299300368,1.0081803428781861
analytic_a,surface,least_squares_radius_0.4um,inside_band_0p1_to_0p3um,425,5258.21660749256,5240.782826840232,3278.8233032006665,2881.7672849030914,2786.803161745524,1.0033265604067856
analytic_a,midplane,mask_aware_finite_difference,original_staircase_edge,142,5673.250128443486,5670.69850125628,3799.488299916864,3476.3713692264637,3378.4147218513153,1.0004499669990639
analytic_a,midplane,mask_aware_finite_difference,inside_n_0p1um,283,6144.024984059176,6137.883379642237,3881.077475839705,3421.0048191978435,3291.374350731423,1.0010006062411203
analytic_a,midplane,mask_aware_finite_difference,inside_n_0p2um,283,6144.024984059176,6137.883379642237,3910.622495443203,3360.3415643914796,3534.185589363471,1.0010006062411203
analytic_a,midplane,mask_aware_finite_difference,inside_n_0p3um,283,5769.914597002729,5762.379711627847,3573.769825564908,3017.387394506509,3336.9976917766935,1.0013075995946046
analytic_a,midplane,mask_aware_finite_difference,inside_band_0p1_to_0p3um,425,6144.024984059176,6128.974145836698,3843.8341366207105,3285.4514391925195,3532.2505602815822,1.0024556863619178
analytic_a,midplane,least_squares_radius_0.2um,original_staircase_edge,142,5877.72332240639,5875.042482978829,3833.7296318007066,3443.8991131258495,2936.0743124322435,1.0004563097944106
analytic_a,midplane,least_squares_radius_0.2um,inside_n_0p1um,283,6006.9802708233465,5995.667766858164,3847.6693558712404,3373.6399531487086,3419.725029520245,1.0018867796557565
analytic_a,midplane,least_squares_radius_0.2um,inside_n_0p2um,283,6006.9802708233465,5997.212911538776,3832.481127505399,3309.642399446291,3472.595743130595,1.0016286497459141
analytic_a,midplane,least_squares_radius_0.2um,inside_n_0p3um,283,5809.207916794605,5743.972910078627,3543.1321027399135,2995.5674969182146,3338.1447124016527,1.0113571229769405
analytic_a,midplane,least_squares_radius_0.2um,inside_band_0p1_to_0p3um,425,6006.9802708233465,5993.7968560500085,3777.5119619823367,3241.7195971234473,3455.520667486274,1.0021995097748484
analytic_a,midplane,least_squares_radius_0.3um,original_staircase_edge,142,6018.480857808663,6015.106303217578,3866.4417001225775,3404.5169469685247,3377.593134300957,1.0005610132923637
analytic_a,midplane,least_squares_radius_0.3um,inside_n_0p1um,283,5998.67173472554,5991.495820429613,3809.423260322786,3300.027363264915,3446.653273877731,1.0011976832682514
analytic_a,midplane,least_squares_radius_0.3um,inside_n_0p2um,283,5913.083344788504,5899.439798503725,3731.23114040831,3207.233818595538,3425.4043617920925,1.0023126850600697
analytic_a,midplane,least_squares_radius_0.3um,inside_n_0p3um,283,5603.46648880199,5553.299926332456,3454.8277160955395,2932.935517411797,3192.6147366443447,1.009033649025808
analytic_a,midplane,least_squares_radius_0.3um,inside_band_0p1_to_0p3um,425,5913.083344788504,5892.922824056228,3673.2445405929334,3147.274653552318,3342.342754195462,1.0034211411440817
analytic_a,midplane,least_squares_radius_0.4um,original_staircase_edge,142,6004.196736390779,5997.484164782775,3839.2599618317186,3335.69727474333,3428.8622511558583,1.0011192312348933
analytic_a,midplane,least_squares_radius_0.4um,inside_n_0p1um,283,5915.241361115862,5902.048858512988,3738.3090317786587,3220.7468518589353,3376.9662976757604,1.0022352411711817
analytic_a,midplane,least_squares_radius_0.4um,inside_n_0p2um,283,5782.883312070157,5770.052593524023,3635.728545464006,3115.121495041799,3339.071229252731,1.0022236744532511
analytic_a,midplane,least_squares_radius_0.4um,inside_n_0p3um,283,5419.319285856329,5367.570754327624,3361.779948589366,2862.689559933955,3101.9417632095806,1.0096409593645286
analytic_a,midplane,least_squares_radius_0.4um,inside_band_0p1_to_0p3um,425,5782.883312070157,5755.4647235863795,3572.4519743379956,3056.324987717481,3270.7117231067264,1.00476392260236
analytic_a,thickness_average,mask_aware_finite_difference,original_staircase_edge,142,6322.082940876435,6319.32006837022,4079.2278087910227,3626.469512906342,3203.3062354644603,1.000437210408133
analytic_a,thickness_average,mask_aware_finite_difference,inside_n_0p1um,283,6654.492124937956,6648.577156873083,4220.958578934775,3641.0028443017018,3810.84670516753,1.0008896592346466
analytic_a,thickness_average,mask_aware_finite_difference,inside_n_0p2um,283,6654.492124937956,6648.577156873083,4193.886797831242,3562.0843935252224,3884.251304894507,1.0008896592346466
analytic_a,thickness_average,mask_aware_finite_difference,inside_n_0p3um,283,5945.486273998686,5938.221400121608,3673.615765856194,3093.3200538137135,3460.130917488521,1.0012234090626746
analytic_a,thickness_average,mask_aware_finite_difference,inside_band_0p1_to_0p3um,425,6654.492124937956,6638.665287916947,4078.382204374716,3453.3572124028456,3780.026924279772,1.0023840390100425
analytic_a,thickness_average,least_squares_radius_0.2um,original_staircase_edge,142,6521.6356181196925,6518.476989979893,4174.326104723293,3649.2014506096657,3715.395304034354,1.0004845653585424
analytic_a,thickness_average,least_squares_radius_0.2um,inside_n_0p1um,283,6559.586435987721,6557.280963028655,4173.402954875711,3587.219953845853,3763.6623457742166,1.0003515897781512
analytic_a,thickness_average,least_squares_radius_0.2um,inside_n_0p2um,283,6496.585360140132,6483.551290997738,4107.5704396658675,3500.8490271370256,3797.480429625314,1.002010328685221
analytic_a,thickness_average,least_squares_radius_0.2um,inside_n_0p3um,283,6022.8484602248345,5942.7364939394465,3656.1598114153903,3080.327952350803,3430.7785208047626,1.0134806526197297
analytic_a,thickness_average,least_squares_radius_0.2um,inside_band_0p1_to_0p3um,425,6496.585360140132,6473.459094892034,4010.989274250309,3405.7354374883885,3728.567816769039,1.003572474145445
analytic_a,thickness_average,least_squares_radius_0.3um,original_staircase_edge,142,6563.233951878524,6559.765108044989,4198.890945122904,3623.8439582222622,3758.9808613074874,1.000528806104548
analytic_a,thickness_average,least_squares_radius_0.3um,inside_n_0p1um,283,6461.470774278186,6453.879035651167,4088.1466765872606,3493.088237101499,3752.786842778809,1.0011763063089782
analytic_a,thickness_average,least_squares_radius_0.3um,inside_n_0p2um,283,6296.046068660147,6276.158330034879,3971.5231676184762,3378.175640591832,3666.223455619355,1.0031687757987389
analytic_a,thickness_average,least_squares_radius_0.3um,inside_n_0p3um,283,5851.902724805935,5823.13197860425,3591.3964618192917,3032.782037099183,3397.712474498431,1.0049407683541083
analytic_a,thickness_average,least_squares_radius_0.3um,inside_band_0p1_to_0p3um,425,6296.046068660147,6269.929367996753,3890.3580689185883,3302.1089244902705,3631.285218065809,1.0041653899319345
analytic_a,thickness_average,least_squares_radius_0.4um,original_staircase_edge,142,6450.540043728665,6448.051920251466,4132.969680505611,3538.2056129415605,3783.7324594069887,1.0003858721219947
analytic_a,thickness_average,least_squares_radius_0.4um,inside_n_0p1um,283,6304.306611320974,6294.3799184164445,3981.8112872805514,3392.616164833885,3671.9750786935692,1.0015770724095452
analytic_a,thickness_average,least_squares_radius_0.4um,inside_n_0p2um,283,6111.885312992154,6092.090284334121,3841.911027159371,3262.775575043767,3580.648895868721,1.0032492999502873
analytic_a,thickness_average,least_squares_radius_0.4um,inside_n_0p3um,283,5654.680004833407,5623.356722158784,3501.077976915597,2962.9203643031824,3281.8792905337496,1.0055702108584352
analytic_a,thickness_average,least_squares_radius_0.4um,inside_band_0p1_to_0p3um,425,6111.885312992154,6082.1591922242305,3762.6976231312246,3192.124907853157,3509.108061250932,1.0048874289258865
analytic_b,surface,mask_aware_finite_difference,original_staircase_edge,142,7918.459658780991,7914.599959986561,5609.2595435175635,5222.091896688161,5652.367344593483,1.0004876682098833
analytic_b,surface,mask_aware_finite_difference,inside_n_0p1um,283,8078.961892595437,8067.133685829368,5363.782255462767,4881.484745900551,5030.371662015901,1.0014662217370771
analytic_b,surface,mask_aware_finite_difference,inside_n_0p2um,283,8078.961892595437,8067.133685829368,5200.672406614501,4616.382774273283,4079.3280217905376,1.0014662217370771
analytic_b,surface,mask_aware_finite_difference,inside_n_0p3um,283,7750.556520632329,7739.906172232983,4815.841362106856,4133.290092516469,4394.645549630802,1.0013760306859474
analytic_b,surface,mask_aware_finite_difference,inside_band_0p1_to_0p3um,425,8078.961892595437,8059.263377872297,5116.426478962864,4498.953188231941,4294.240666902731,1.002444207838799
analytic_b,surface,least_squares_radius_0.2um,original_staircase_edge,142,7992.557466367124,7990.876950871765,5467.92601570909,5044.9347964955405,5163.518242293772,1.0002103042639363
analytic_b,surface,least_squares_radius_0.2um,inside_n_0p1um,283,8021.6564033071145,8011.715838008358,5286.837832873126,4792.010019856252,4507.570244485176,1.0012407536038157
analytic_b,surface,least_squares_radius_0.2um,inside_n_0p2um,283,8001.459892656337,7990.891435502493,5164.629133078849,4601.797522419032,4223.410465990528,1.0013225629755012
analytic_b,surface,least_squares_radius_0.2um,inside_n_0p3um,283,7774.252676196147,7675.991715807861,4776.416261366744,4109.401414863051,4352.048291266522,1.0128010769196023
analytic_b,surface,least_squares_radius_0.2um,inside_band_0p1_to_0p3um,425,8001.459892656337,7976.895070655485,5077.504336020298,4480.429195258482,4260.01290774552,1.0030794966942989
analytic_b,surface,least_squares_radius_0.3um,original_staircase_edge,142,8044.452646190302,8038.257906415503,5323.993155904084,4839.991689466202,4463.785279365609,1.0007706570063963
analytic_b,surface,least_squares_radius_0.3um,inside_n_0p1um,283,7989.950261768514,7979.663973262131,5158.529486389359,4610.445535243821,3976.5622228974803,1.00128906286541
analytic_b,surface,least_squares_radius_0.3um,inside_n_0p2um,283,7886.131219685043,7875.125278377755,5036.65764047625,4456.8518828986835,4147.101015273275,1.0013975576156873
analytic_b,surface,least_squares_radius_0.3um,inside_n_0p3um,283,7559.461207734242,7512.938968221945,4684.619966523176,4057.7383331583515,4132.22801906194,1.0061922823690004
analytic_b,surface,least_squares_radius_0.3um,inside_band_0p1_to_0p3um,425,7886.131219685043,7871.890526642183,4959.453942124246,4366.3690867554715,4147.101015273275,1.0018090562863726
analytic_b,surface,least_squares_radius_0.4um,original_staircase_edge,142,7992.580859782317,7988.714370025763,5205.016353245482,4668.657830605449,3975.6793469486533,1.0004839939917067
analytic_b,surface,least_squares_radius_0.4um,inside_n_0p1um,283,7900.5976399675465,7891.621434106785,5051.728157896292,4478.923327269014,4122.6562581496555,1.001137434928387
analytic_b,surface,least_squares_radius_0.4um,inside_n_0p2um,283,7759.811996378385,7742.3107785952025,4914.959532938542,4322.491062860458,4181.072498339274,1.0022604643863646
analytic_b,surface,least_squares_radius_0.4um,inside_n_0p3um,283,7367.651365220282,7308.8713330146775,4586.942940675518,3987.8629436115502,4047.1697350706045,1.0080422858095874
analytic_b,surface,least_squares_radius_0.4um,inside_band_0p1_to_0p3um,425,7759.811996378385,7732.190957357254,4839.669237736857,4244.821083183524,4181.072498339274,1.0035722137714214
analytic_b,midplane,mask_aware_finite_difference,original_staircase_edge,142,8357.686436981727,8354.049046447242,5589.137130422815,5110.293932409552,4947.631282727953,1.000435404498377
analytic_b,midplane,mask_aware_finite_difference,inside_n_0p1um,283,9080.207803928479,9072.205746191567,5727.186881961598,5041.860587091841,4891.744079233086,1.000882041033987
analytic_b,midplane,mask_aware_finite_difference,inside_n_0p2um,283,9080.207803928479,9072.205746191567,5785.095034529038,4965.1682131850675,5251.147550433412,1.000882041033987
analytic_b,midplane,mask_aware_finite_difference,inside_n_0p3um,283,8547.094571405187,8536.979042932397,5301.063547819542,4473.033798352147,4955.081728929866,1.0011849072630867
analytic_b,midplane,mask_aware_finite_difference,inside_band_0p1_to_0p3um,425,9080.207803928479,9057.299429369945,5690.33641614487,4858.785578083078,5209.982516269597,1.0025292720790757
analytic_b,midplane,least_squares_radius_0.2um,original_staircase_edge,142,8669.541715147154,8664.423829154344,5648.0588065706625,5068.3676953427375,4325.5208324835485,1.0005906781678418
analytic_b,midplane,least_squares_radius_0.2um,inside_n_0p1um,283,8876.357164230549,8856.296223180057,5680.5227041730805,4973.3547679988005,5048.408198735126,1.0022651614789018
analytic_b,midplane,least_squares_radius_0.2um,inside_n_0p2um,283,8876.357164230549,8871.686577588676,5667.136928637475,4887.384873242943,5166.061226595137,1.0005264598338799
analytic_b,midplane,least_squares_radius_0.2um,inside_n_0p3um,283,8600.294584368321,8504.04672360262,5254.630440329714,4439.210583502002,4934.7386740733255,1.0113178894582704
analytic_b,midplane,least_squares_radius_0.2um,inside_band_0p1_to_0p3um,425,8876.357164230549,8858.900082960396,5590.2102411662845,4791.700381786215,5135.191043922944,1.0019705698344799
analytic_b,midplane,least_squares_radius_0.3um,original_staircase_edge,142,8888.874068368392,8883.70749233171,5707.276937353256,5018.865416100367,5004.490455834185,1.0005815788105519
analytic_b,midplane,least_squares_radius_0.3um,inside_n_0p1um,283,8865.734708562339,8856.479998286106,5631.735659525527,4872.45120712978,5081.496518226868,1.001044964848114
analytic_b,midplane,least_squares_radius_0.3um,inside_n_0p2um,283,8743.969849790823,8725.067149770402,5520.389398363152,4739.574268228293,5051.380152840826,1.0021664818958922
analytic_b,midplane,least_squares_radius_0.3um,inside_n_0p3um,283,8295.471382303927,8226.269191019146,5121.06718462335,4343.028467456964,4729.486464421766,1.0084123421781932
analytic_b,midplane,least_squares_radius_0.3um,inside_band_0p1_to_0p3um,425,8743.969849790823,8714.889864675522,5436.848038803464,4652.9573961084625,4967.919799568439,1.0033368161350118
analytic_b,midplane,least_squares_radius_0.4um,original_staircase_edge,142,8874.846200594922,8865.306068089285,5674.299691112718,4923.337852335604,5070.347792228143,1.0010761199255125
analytic_b,midplane,least_squares_radius_0.4um,inside_n_0p1um,283,8747.130110864808,8727.596192371031,5530.489120271925,4758.664858812166,5044.936688333065,1.00223817853888
analytic_b,midplane,least_squares_radius_0.4um,inside_n_0p2um,283,8555.816699619458,8537.554446475517,5382.316552309999,4606.104503324426,4924.405290264601,1.00213904968436
analytic_b,midplane,least_squares_radius_0.4um,inside_n_0p3um,283,8023.383724820662,7951.719042975855,4982.078975498904,4237.74328269202,4598.405922140207,1.0090124766050572
analytic_b,midplane,least_squares_radius_0.4um,inside_band_0p1_to_0p3um,425,8555.816699619458,8513.737937427537,5289.852082663414,4520.348278240464,4853.687844848459,1.0049424544778314
analytic_b,thickness_average,mask_aware_finite_difference,original_staircase_edge,142,9325.735209378974,9321.626528004976,6012.0886451920405,5337.892714150612,4771.05012059462,1.0004407687179544
analytic_b,thickness_average,mask_aware_finite_difference,inside_n_0p1um,283,9845.205437133718,9836.014771819502,6240.28214562367,5376.674046882964,5671.2536259041135,1.000934389132939
analytic_b,thickness_average,mask_aware_finite_difference,inside_n_0p2um,283,9845.205437133718,9836.014771819502,6212.521218739494,5272.423659455708,5778.14244799142,1.000934389132939
analytic_b,thickness_average,mask_aware_finite_difference,inside_n_0p3um,283,8811.944621845969,8801.289763668665,5452.747023284495,4589.972177333307,5149.053749364522,1.0012106019076075
analytic_b,thickness_average,mask_aware_finite_difference,inside_band_0p1_to_0p3um,425,9845.205437133718,9821.992980932704,6044.417213755995,5114.839176516989,5603.801439288171,1.0023633142729869
analytic_b,thickness_average,least_squares_radius_0.2um,original_staircase_edge,142,9631.405933107117,9626.764717070793,6162.5124715485335,5379.975880882739,5472.639457073637,1.000482115868906
analytic_b,thickness_average,least_squares_radius_0.2um,inside_n_0p1um,283,9697.176664514416,9692.219730868223,6172.283190739651,5299.021708025359,5617.446270302528,1.000511434303373
analytic_b,thickness_average,least_squares_radius_0.2um,inside_n_0p2um,283,9606.891377996255,9584.674587436466,6082.389028172116,5178.943208970569,5618.10297412591,1.0023179493844174
analytic_b,thickness_average,least_squares_radius_0.2um,inside_n_0p3um,283,8920.424904460207,8809.867934682854,5426.142610301916,4569.697993776614,5065.432448734111,1.0125492198744672
analytic_b,thickness_average,least_squares_radius_0.2um,inside_band_0p1_to_0p3um,425,9606.891377996255,9574.543531298797,5942.772949799526,5042.119976054332,5497.048578681858,1.0033785262547206
analytic_b,thickness_average,least_squares_radius_0.3um,original_staircase_edge,142,9702.989897723482,9699.657099347256,6208.891815644997,5352.35434929658,5576.8096667278405,1.000343599607913
analytic_b,thickness_average,least_squares_radius_0.3um,inside_n_0p1um,283,9558.316989257537,9545.144231667693,6052.4451256065695,5165.798001461518,5558.033828300558,1.001380048040148
analytic_b,thickness_average,least_squares_radius_0.3um,inside_n_0p2um,283,9315.848656306516,9288.875931495213,5883.279203749696,4999.023079650392,5461.624388534076,1.0029037662910156
analytic_b,thickness_average,least_squares_radius_0.3um,inside_n_0p3um,283,8667.31563774388,8629.983437229766,5328.054832203984,4496.461649031564,5018.394284832889,1.0043258716294938
analytic_b,thickness_average,least_squares_radius_0.3um,inside_band_0p1_to_0p3um,425,9315.848656306516,9279.915965563272,5764.873572593528,4888.568783124836,5360.807351305062,1.0038720922556397
analytic_b,thickness_average,least_squares_radius_0.4um,original_staircase_edge,142,9543.478522843241,9539.777481644654,6117.45275262952,5231.105397960086,5617.136163103049,1.0003879588602258
analytic_b,thickness_average,least_squares_radius_0.4um,inside_n_0p1um,283,9328.005398469602,9312.561715239393,5898.096910259649,5020.4448269141685,5450.012342230383,1.0016583711015774
analytic_b,thickness_average,least_squares_radius_0.4um,inside_n_0p2um,283,9047.409215126814,9016.34352482382,5693.868573292093,4831.254026396511,5321.048867952818,1.0034454865453455
analytic_b,thickness_average,least_squares_radius_0.4um,inside_n_0p3um,283,8375.694474497092,8334.460787902473,5193.261070527308,4391.29520288647,4874.166404659396,1.0049473730387537
analytic_b,thickness_average,least_squares_radius_0.4um,inside_band_0p1_to_0p3um,425,9047.409215126814,9007.543882118669,5577.483092920566,4727.4966220988435,5193.784399457569,1.004425771723109
