run,id,beam_x_um,beam_y_um,terminal_current_nA,temperature_max_K,temperature_gradient_max_K_m,local_J_total_max_A_m2,positive_contribution_nA,negative_contribution_nA,pte_reintegration_relative_error,total_J_reintegration_relative_error,local_J_constitutive_closure_relative_error,terminal_potential_max_abs_V,maximum_material_power_reintegration_relative_error,short_circuit_continuity_residual,reference_current_relative_error,field_path,field_size_bytes,field_sha256
44,position_x-10_y-10,-10.0,-10.0,0.9663394682814489,0.37805505477026985,1292731.900970717,569480.8272351542,5.764627037202914,-4.798287568921466,5.873241264821654e-17,3.3217735617364994e-09,2.044236017428972e-16,0.0,4.329964617896338e-16,8.026159432734903e-11,1.5889128482020665e-10,/home/seunghyun/tairte4/artifacts/exact_binary_beam_position_fields_with_au/production/run044/fields/position_x-10_y-10.npz,12865432,7fccad309196914064dc15fe1a2295db48700840fe938289320123fb632decd4
44,position_x-5_y-10,-5.0,-10.0,7.700211519299694,0.3061454884036438,1080295.6566542904,681638.2928905289,15.646511570831462,-7.946300051531769,7.012141035102041e-17,8.247917295854007e-10,1.7078753209897954e-16,0.0,1.6746313200434266e-16,5.972300356431437e-11,0.0,/home/seunghyun/tairte4/artifacts/exact_binary_beam_position_fields_with_au/production/run044/fields/position_x-5_y-10.npz,12881163,b34d140792e9fb6b1524b2cdc9a803685781e097f08d0009b6e5d677550955e8
44,position_x0_y-10,0.0,-10.0,10.28105394288419,0.1825402549779188,504850.3835681339,300504.8183043609,19.7994059864044,-9.518352043520213,2.8214320198315475e-16,1.2614526631978175e-09,1.936995927117309e-16,0.0,2.0518908426317705e-16,7.400880172105334e-11,0.0,/home/seunghyun/tairte4/artifacts/exact_binary_beam_position_fields_with_au/production/run044/fields/position_x0_y-10.npz,12886505,3f15da7a7ec5df45de1e274ffce6da15ad57e97d9599e87f08e576546d0bf91e
44,position_x5_y-10,5.0,-10.0,7.778267944676663,0.2967988427220876,1043584.432912531,708768.7937199796,15.724103820464494,-7.945835875787839,2.795716839731519e-16,1.018327138360585e-09,1.6425006695896968e-16,0.0,2.3885168473620094e-16,7.625011866367518e-11,0.0,/home/seunghyun/tairte4/artifacts/exact_binary_beam_position_fields_with_au/production/run044/fields/position_x5_y-10.npz,12881847,d52e017cb1e0b173171030ccb044f9d33638026f7325383dd0fb64f3bf8492ea
44,position_x10_y-10,10.0,-10.0,0.91897063108722,0.3766658616110741,1283224.0269215317,683334.230006055,5.770494181526085,-4.851523550438865,1.946853774457051e-17,3.420779932625072e-09,1.7036366204851654e-16,0.0,1.5103927198014317e-16,6.861705655732485e-11,0.0,/home/seunghyun/tairte4/artifacts/exact_binary_beam_position_fields_with_au/production/run044/fields/position_x10_y-10.npz,12865471,644c269bb317db5d6bbe4cad88179e248626623c541b7ccefabd9eeb95617627
44,position_x-10_y-5,-10.0,-5.0,-2.3509933103464773,0.34499616415953865,1192140.7726958967,690223.9951699466,10.53021308406602,-12.881206394412496,7.066471243347139e-17,6.883945863421334e-09,1.686631045017076e-16,0.0,3.5337186391317245e-16,2.959950422127835e-11,2.300402514242353e-11,/home/seunghyun/tairte4/artifacts/exact_binary_beam_position_fields_with_au/production/run044/fields/position_x-10_y-5.npz,12865485,c537bf01662fabdad59b3c4a93b0abf9e5a49eb124735721b995725c156acbef
44,position_x-5_y-5,-5.0,-5.0,34.48384396709359,0.3643663284118808,1277222.5137413319,587547.8891076902,44.300082670091044,-9.816238702997452,1.222818686215248e-16,4.077969476928427e-09,1.981375884163841e-16,0.0,1.598446058812488e-16,3.211761595106751e-11,0.0,/home/seunghyun/tairte4/artifacts/exact_binary_beam_position_fields_with_au/production/run044/fields/position_x-5_y-5.npz,12883348,3e37a5cad5fd3bd13cbb032cadc359842dbed12fe4a5a5a6540b7b00c689aed4
44,position_x0_y-5,0.0,-5.0,62.28059556698731,0.2673576281356555,886840.7758082685,555098.6590408476,70.21973768838863,-7.939142121401351,1.693331561692965e-16,2.186954645242081e-11,2.097200559412057e-16,0.0,0.0,7.539738674770568e-11,0.0,/home/seunghyun/tairte4/artifacts/exact_binary_beam_position_fields_with_au/production/run044/fields/position_x0_y-5.npz,12882501,1405e205d58d88c28b99e4c0cf5a38e01643367250f9094b39befb8df8241024
44,position_x5_y-5,5.0,-5.0,34.63644078776642,0.3533318026593956,1226695.5521198951,648099.0971987655,44.40950106724828,-9.773060279481863,2.4426474998393843e-16,3.9608949609416774e-09,1.7962580464948774e-16,0.0,1.5956524297642073e-16,7.90296164690823e-11,0.0,/home/seunghyun/tairte4/artifacts/exact_binary_beam_position_fields_with_au/production/run044/fields/position_x5_y-5.npz,12882844,b7d934d38eb99069751ef735957ea281fd42f0e544f09681e9303c71334cdd34
44,position_x10_y-5,10.0,-5.0,-2.456433065973569,0.33593703464829827,1187667.0491079867,782167.2261670841,10.493308094342833,-12.9497411603164,8.821171294393668e-17,6.044971752994158e-09,1.488368700864827e-16,0.0,1.7965710090177951e-16,8.719303906096532e-11,0.0,/home/seunghyun/tairte4/artifacts/exact_binary_beam_position_fields_with_au/production/run044/fields/position_x10_y-5.npz,12866298,8ac7fdf66fd27d72b649ddf212b4c27ad9a0b2ef07f2591dddb58b6f59cb07ae
44,position_x-10_y0,-10.0,0.0,-8.214797369447563,0.27197012672641924,610983.0464335585,243111.53277921278,9.105175013272254,-17.319972382719815,6.260556281161839e-17,8.889234708345615e-09,2.3942780602814927e-16,0.0,1.3281758683446403e-16,5.2272986065711056e-11,0.0,/home/seunghyun/tairte4/artifacts/exact_binary_beam_position_fields_with_au/production/run044/fields/position_x-10_y0.npz,12863903,69ef692dc1755490ad451ce9d7632f7ff49dda4c6658f155c25ac75eb3126ae0
44,position_x-5_y0,-5.0,0.0,46.4648365366979,0.33909410231876913,1173228.810169305,656828.8007363337,57.11447165180806,-10.649635115110167,1.9530826026189998e-16,4.954471940855954e-09,1.772384549770475e-16,0.0,2.422381081302879e-16,5.743469352370925e-11,0.0,/home/seunghyun/tairte4/artifacts/exact_binary_beam_position_fields_with_au/production/run044/fields/position_x-5_y0.npz,12885422,b7a9af222bf890ad45602baa2dde5cd320ee6597947ead484189e6731043d2f4
44,position_x0_y0,0.0,0.0,92.02437418743347,0.3990220837037514,1293380.190947291,816578.5795129753,100.93256097574942,-8.908186788315986,1.2049162146343528e-16,2.1913088245826194e-10,1.4256475095926147e-16,0.0,2.0654969902662288e-16,7.902757075216035e-11,6.345311697787143e-13,/home/seunghyun/tairte4/artifacts/exact_binary_beam_position_fields_with_au/production/run044/fields/position_x0_y0.npz,12879643,96aa68608563ed251cf6ccc142b20dd049e0dbc5ae973736d72fa5231e59fc2d
44,position_x5_y0,5.0,0.0,46.33818144049042,0.3424142602657298,1175716.681243153,616502.0662281236,56.990498225828084,-10.652316785337685,2.9348770742311134e-16,4.3075982257007735e-09,1.8883200593176563e-16,0.0,0.0,7.099057027933874e-11,0.0,/home/seunghyun/tairte4/artifacts/exact_binary_beam_position_fields_with_au/production/run044/fields/position_x5_y0.npz,12884846,2d3139be7a15b94132d2c5c27acea7a8876439d915761ff97c6588e1eaa8cda5
44,position_x10_y0,10.0,0.0,-8.341752170350619,0.27374381313851043,629612.926380081,301299.20435862563,9.065174335425501,-17.406926505776116,2.4997807843511687e-16,7.867953403094851e-09,1.931888968554491e-16,0.0,2.5592870607835815e-16,5.914101632940432e-11,0.0,/home/seunghyun/tairte4/artifacts/exact_binary_beam_position_fields_with_au/production/run044/fields/position_x10_y0.npz,12864316,b5cab7131ba18d5e453461a674712ba7d7d33c77d06f26fb8be612461580d0ab
44,position_x-10_y5,-10.0,5.0,-5.208393817604913,0.24678821398467107,533236.5274997143,370451.425123858,5.919388819452601,-11.12778263705751,1.4556912529388634e-16,9.032276822509275e-09,1.5712629771637688e-16,0.0,2.6229369762135895e-16,5.192028332540406e-11,0.0,/home/seunghyun/tairte4/artifacts/exact_binary_beam_position_fields_with_au/production/run044/fields/position_x-10_y5.npz,12870082,ad33ea1c3606e8465c34f07a11ec55e3cb244af26e47e7fac16d4f3170c7a79b
44,position_x-5_y5,-5.0,5.0,27.650569183774586,0.4723933918358569,1572810.3657942598,575329.6776246079,36.0810314103974,-8.430462226622819,2.9733645670881246e-16,2.9219627501369312e-09,2.0234541403736464e-16,0.0,1.7089794640641105e-16,9.653421639742608e-11,0.0,/home/seunghyun/tairte4/artifacts/exact_binary_beam_position_fields_with_au/production/run044/fields/position_x-5_y5.npz,12893307,18085354ae32aeb2c047b8c4a465a36f2d0149eea460c03c134a117c257ee6c9
44,position_x0_y5,0.0,5.0,52.64916021862779,0.5233913280815392,1768215.15385491,886930.1141646148,59.41523809500379,-6.766077876376006,1.9997924801875943e-16,2.6910657462952406e-10,1.640705958222319e-16,0.0,1.7349526807619586e-16,5.0444717929493786e-11,0.0,/home/seunghyun/tairte4/artifacts/exact_binary_beam_position_fields_with_au/production/run044/fields/position_x0_y5.npz,12896032,be29af58bbf39fb0a4acc033555695e1c150ba96869799659251c83d957053bd
44,position_x5_y5,5.0,5.0,27.43209431255542,0.4783395887930838,1598654.2162085422,594345.3840649448,35.9378473230458,-8.505753010490396,2.233430072303629e-16,1.5779216217799531e-09,1.9587149988568596e-16,0.0,1.7020627706454012e-16,3.361772339211905e-11,0.0,/home/seunghyun/tairte4/artifacts/exact_binary_beam_position_fields_with_au/production/run044/fields/position_x5_y5.npz,12892423,4686ab43947665579c52c412a09f783c0339605ea3ea6a8aee8e4e407d744fa3
44,position_x10_y5,10.0,5.0,-5.271424781907148,0.24688748960110332,544656.4254389507,370776.89052173385,5.908904817192947,-11.18032959910009,1.452108255530252e-16,5.941358818217813e-09,1.5698837333567705e-16,0.0,2.1728208508359209e-16,6.581081869031647e-11,0.0,/home/seunghyun/tairte4/artifacts/exact_binary_beam_position_fields_with_au/production/run044/fields/position_x10_y5.npz,12869256,20d4daae7e1c8c16ee34535893ebb2ed8426f0ddd298d25ee7b2b8710b10a47a
44,position_x-10_y10,-10.0,10.0,0.8937719667960664,0.23462224533170276,580682.7211093253,519112.8598414475,6.182866075561943,-5.289094108765877,4.50653484268464e-17,4.6994114334555706e-09,1.1212910605074542e-16,0.0,3.621189288146035e-16,8.180901843483905e-11,0.0,/home/seunghyun/tairte4/artifacts/exact_binary_beam_position_fields_with_au/production/run044/fields/position_x-10_y10.npz,12879720,eba6bcfdfe2cc848d17eeac9f01bc919f10f1ecb242774e7bae6206a6c51f49f
44,position_x-5_y10,-5.0,10.0,10.075168215895271,0.44671729468383264,1515375.299941776,522301.81852018274,15.333706936052668,-5.258538720157399,1.6067807782849993e-16,2.3954660704227123e-09,2.228889842979482e-16,0.0,1.5364513358288958e-16,7.552318371194786e-11,0.0,/home/seunghyun/tairte4/artifacts/exact_binary_beam_position_fields_with_au/production/run044/fields/position_x-5_y10.npz,12896812,1ebcdc29ae1fb270e46892151df1285844b822393889bfed15ad202d8cd8ee8a
44,position_x0_y10,0.0,10.0,14.762102195956905,0.43098135701082435,1480691.5519602401,379710.3826789797,18.3565916906509,-3.594489494694004,2.2609745886374135e-16,6.645291459778115e-10,2.682660555128587e-16,0.0,2.699951261003983e-16,7.060069460927899e-11,0.0,/home/seunghyun/tairte4/artifacts/exact_binary_beam_position_fields_with_au/production/run044/fields/position_x0_y10.npz,12902633,ef327f0da24cea332b21295a9986f3a9da27f7c6e0b051e819b6e662dcbe7d9b
44,position_x5_y10,5.0,10.0,10.02961501040828,0.45718347778943086,1553717.5454259196,584275.771210956,15.344965161842596,-5.315350151434319,2.4022303629261385e-16,4.474068851846395e-09,1.9924721777467374e-16,0.0,1.612476030665083e-16,5.5547143568829654e-11,0.0,/home/seunghyun/tairte4/artifacts/exact_binary_beam_position_fields_with_au/production/run044/fields/position_x5_y10.npz,12896686,0fbdd79be7099bce18e3a11336339bb2e43b098ce396f7b72bc5b244886d3f0e
44,position_x10_y10,10.0,10.0,0.9062748890588214,0.2346450802029251,581799.7237961115,519336.6720325961,6.223469491389775,-5.317194602330953,1.791882611424191e-17,7.469898120074556e-09,2.2416156627511954e-16,0.0,2.2021718582440941e-16,4.406728091440985e-11,0.0,/home/seunghyun/tairte4/artifacts/exact_binary_beam_position_fields_with_au/production/run044/fields/position_x10_y10.npz,12879850,2ecc498bd9c52d2479e43e4c8d0635a7ffcfe65ebfcc71f44905b2f7e9cdc8fc
45,position_x-10_y-10,-10.0,-10.0,-4.98675985602504,0.09859952549891338,461123.7740923175,314495.6440116805,2.414962257297118,-7.401722113322155,2.52788186313312e-16,8.360536151886911e-10,1.850825663941646e-16,0.0,1.3894338664010318e-16,4.835428523922697e-11,3.758586488689684e-11,/home/seunghyun/tairte4/artifacts/exact_binary_beam_position_fields_with_au/production/run045/fields/position_x-10_y-10.npz,12929192,b00ed617fc874fad1102c41470cd825e7f61fefe15bb59756cf5778a009d5fa1
45,position_x-5_y-10,-5.0,-10.0,3.8998549128613793,0.1742679318531581,373147.9361668584,228233.40875455548,12.443595588213842,-8.543740675352467,1.182399617795709e-16,2.922771250429978e-10,2.5503567260858166e-16,0.0,0.0,5.7731037520872105e-11,1.4705061077889025e-11,/home/seunghyun/tairte4/artifacts/exact_binary_beam_position_fields_with_au/production/run045/fields/position_x-5_y-10.npz,12956326,f0daf14eb7c177b48af18621a371cd2f4b7f5322ae498377390d8f38fe3d0b95
45,position_x0_y-10,0.0,-10.0,14.51293666818793,0.19238460699673957,223921.43409001865,306309.079163454,21.19235798634708,-6.679421318159155,1.7806841899454002e-16,5.345275608220002e-10,1.9002917273113664e-16,0.0,1.5877690784024441e-16,8.949107334704758e-11,9.4955482272267e-13,/home/seunghyun/tairte4/artifacts/exact_binary_beam_position_fields_with_au/production/run045/fields/position_x0_y-10.npz,12950232,8534486ad6e9e7d64ede6a1cb3c744f65573ebdf426ed311e89dc5b26c45238a
45,position_x5_y-10,5.0,-10.0,3.8876034982183523,0.17442075988722283,376273.4918291516,261151.48873877982,12.446959312377286,-8.559355814158934,3.937771130111687e-17,4.5797739156288194e-10,2.228884897213448e-16,0.0,4.4294146587889847e-16,6.683363524427824e-11,1.4639483607935208e-11,/home/seunghyun/tairte4/artifacts/exact_binary_beam_position_fields_with_au/production/run045/fields/position_x5_y-10.npz,12956417,972773088bd620afc3dc77c689aacd30564d861910645a801cce84a63ee1c44c
45,position_x10_y-10,10.0,-10.0,-5.021494188145778,0.09864104843916989,460990.52840438153,314571.33721406705,2.388592454028948,-7.410086642174723,1.6883512653731144e-16,6.137090159756288e-10,9.251901560544415e-17,0.0,2.7838501433202146e-16,4.799803129955362e-11,3.670633659669477e-11,/home/seunghyun/tairte4/artifacts/exact_binary_beam_position_fields_with_au/production/run045/fields/position_x10_y-10.npz,12929117,07ea77fbaf11e26b4f8c773cb2a192f0e003dd5b6a3d990e6d8ca64b13dde135
45,position_x-10_y-5,-10.0,-5.0,-17.454231047791172,0.18953245488447618,600938.1503460016,174424.2372423982,3.7997940201869382,-21.2540250679781,2.6412918833401246e-16,1.5271976082391434e-10,3.3371314579736954e-16,0.0,1.8568194379495949e-16,7.727028174796201e-11,1.6850300025630053e-11,/home/seunghyun/tairte4/artifacts/exact_binary_beam_position_fields_with_au/production/run045/fields/position_x-10_y-5.npz,12914257,a6d0fda884d19fff3c43fc6a4a29727266c7fd28499783bf82e08f9c13367107
45,position_x-5_y-5,-5.0,-5.0,12.43197444400706,0.20089815174649125,580138.3370743064,268504.8106428668,22.657023853231582,-10.225049409224525,2.012477999062136e-16,1.5816155156139285e-10,2.167844247337837e-16,0.0,2.0234476070560769e-16,8.944715814220593e-11,3.624697991338354e-11,/home/seunghyun/tairte4/artifacts/exact_binary_beam_position_fields_with_au/production/run045/fields/position_x-5_y-5.npz,12942919,ff586bc601673b83c7ac815d64e83e06cbee02d77f753438ef66692f8f695760
45,position_x0_y-5,0.0,-5.0,43.62146439744153,0.201352112736526,248659.36766467348,214168.4673701369,45.953407844050425,-2.331943446608903,1.3704870573664747e-16,2.404999212619558e-11,1.358922292068093e-16,0.0,1.8872488494090283e-16,8.189228688637465e-11,1.5286967822563047e-12,/home/seunghyun/tairte4/artifacts/exact_binary_beam_position_fields_with_au/production/run045/fields/position_x0_y-5.npz,12926109,a232c409f30c4e57e94a13847960456b9c3ad26112e44665064d6759239fd997
45,position_x5_y-5,5.0,-5.0,12.349004310938618,0.20070963599705216,579670.547511,319456.7250157389,22.57330131679969,-10.224297005861075,2.017661426096571e-16,2.892304035094808e-10,1.1388017600545044e-16,0.0,2.1819771238037215e-16,9.265511052552144e-11,3.6919879870697985e-11,/home/seunghyun/tairte4/artifacts/exact_binary_beam_position_fields_with_au/production/run045/fields/position_x5_y-5.npz,12942693,a89650e90b80785c629b2e7c98e9d5bab0c359f82bc61dbff2cff4a831d14220
45,position_x10_y-5,10.0,-5.0,-17.547278713138635,0.189371167124788,580924.0118316188,207298.92615489714,3.6945005925872194,-21.241779305725853,0.0,1.3441295240469147e-10,1.4039547139277917e-16,0.0,2.178923100414178e-16,9.740670707299276e-11,1.6811293852947936e-11,/home/seunghyun/tairte4/artifacts/exact_binary_beam_position_fields_with_au/production/run045/fields/position_x10_y-5.npz,12914063,738ff6d2f5dceb7057c5929c58e77cf0c641fbc2131221308e767c3707f0c53c
45,position_x-10_y0,-10.0,0.0,-24.850070799260838,0.18844259730560045,442310.126814658,154795.63667907572,3.517740918364699,-28.367811717625532,3.1130610982205007e-16,1.6007993156139786e-10,1.8801454021001984e-16,0.0,2.378216524724393e-16,3.973717339663406e-11,3.3631703122597362e-12,/home/seunghyun/tairte4/artifacts/exact_binary_beam_position_fields_with_au/production/run045/fields/position_x-10_y0.npz,12903526,ace89e194b6442db89687ba414ce252fd96750fa23512968e19e3b40cba76ce0
45,position_x-5_y0,-5.0,0.0,17.31072340763681,0.19582155346912247,445359.7519728541,209762.35142295813,26.194031914455348,-8.883308506818546,2.829794742538764e-16,4.083065557293302e-10,1.3874668289758855e-16,0.0,1.5808639433639347e-16,9.24413059460888e-11,1.5287532056584227e-11,/home/seunghyun/tairte4/artifacts/exact_binary_beam_position_fields_with_au/production/run045/fields/position_x-5_y0.npz,12931700,9d67b6a6f8cb354d8efc601e79d281598813e571cab04e465208b9548bef36f1
45,position_x0_y0,0.0,0.0,57.77098012803088,0.19421898910532573,490968.2212074888,152365.53158044344,59.681899733169814,-1.9109196051389519,3.223157328166848e-16,2.4301854184334796e-11,2.8651982657935934e-16,0.0,2.8256846827016254e-16,8.726672920924956e-11,1.6679068795733466e-12,/home/seunghyun/tairte4/artifacts/exact_binary_beam_position_fields_with_au/production/run045/fields/position_x0_y0.npz,12909056,32ac773e5f7a85cbd535b70173ff7ad062da0b513da003ed4ff8570999bbbcd3
45,position_x5_y0,5.0,0.0,17.30855773136251,0.19579706379633327,444466.8065719993,217339.57178562574,26.119296661869125,-8.81073893050662,1.89448558760376e-16,6.363197244400716e-10,1.3390948651284016e-16,0.0,1.3978476575272058e-16,8.97570452934693e-11,1.5118738021402003e-11,/home/seunghyun/tairte4/artifacts/exact_binary_beam_position_fields_with_au/production/run045/fields/position_x5_y0.npz,12931896,e0cb86a90a27cd769a70544822a01b566d9200dc15a23cad6b4f73212e83353f
45,position_x10_y0,10.0,0.0,-24.902751549153244,0.18850042651720658,439641.6511824708,137329.83229023157,3.435208506147565,-28.337960055300798,2.0827148188340986e-16,5.275893607488981e-10,3.1788974731170513e-16,0.0,1.527363387518526e-16,3.031870333220753e-11,3.2253157776603605e-12,/home/seunghyun/tairte4/artifacts/exact_binary_beam_position_fields_with_au/production/run045/fields/position_x10_y0.npz,12903143,4d596e1103e74c9eb7f3860da0442c02253b6c3c8d29c1f935f6447b6477f104
45,position_x-10_y5,-10.0,5.0,-13.655630057550296,0.195057026504989,339470.1589509237,253669.84048450837,5.074684491849118,-18.73031454939941,6.949637856483136e-17,2.0980641870127687e-09,1.1473114186986322e-16,0.0,1.623880589397066e-16,4.057920012637715e-11,8.942345727954451e-12,/home/seunghyun/tairte4/artifacts/exact_binary_beam_position_fields_with_au/production/run045/fields/position_x-10_y5.npz,12924290,47abca56bf31615fdaf3594f4611c1aef9d8be476ce16cc595998d07c8b1205e
45,position_x-5_y5,-5.0,5.0,13.021514107163364,0.19688431731328299,589066.5429767,276588.67571170523,21.30889503375439,-8.287380926591032,1.1179522905669969e-16,3.3813814160708953e-10,2.1044846020427314e-16,0.0,1.9148175765132602e-16,2.9284961981894906e-11,9.534339641115136e-12,/home/seunghyun/tairte4/artifacts/exact_binary_beam_position_fields_with_au/production/run045/fields/position_x-5_y5.npz,12953143,88f198e3f95d1cd84f82a5d5e7f981f12f03d7eaec2763a35db171439cacb6a8
45,position_x0_y5,0.0,5.0,35.74267723766618,0.19769146542388227,602807.7772970424,238836.5770306909,39.381777109867826,-3.6390998722016548,3.0763877283032996e-16,1.403697269057958e-10,2.1324917620444367e-16,0.0,1.824386738227537e-16,3.394200357759907e-11,2.732129821892148e-12,/home/seunghyun/tairte4/artifacts/exact_binary_beam_position_fields_with_au/production/run045/fields/position_x0_y5.npz,12954889,1252ca5eea2bb5ad2e2c976b37b82e5ba7b892dc5a5e19926108388773fe129b
45,position_x5_y5,5.0,5.0,13.104287797872436,0.1963201837349361,585552.9664159637,260461.35274734464,21.310093422913795,-8.205805625041366,2.2419933371071324e-16,1.4267922287716248e-10,2.234790701172876e-16,0.0,0.0,5.915798341275384e-11,9.220361605332853e-12,/home/seunghyun/tairte4/artifacts/exact_binary_beam_position_fields_with_au/production/run045/fields/position_x5_y5.npz,12953535,86ba75d3180bc8ee018e2d646ef5ba7caed0d5169c0e1886d3c472806ac29a2c
45,position_x10_y5,10.0,5.0,-13.670045578867727,0.19512339339480977,339245.8783292234,253619.37070770466,5.059852721657223,-18.729898300524944,0.0,8.200285017852813e-10,2.295079463017496e-16,0.0,1.5837424439506209e-16,9.699532092656613e-11,8.9095586908285e-12,/home/seunghyun/tairte4/artifacts/exact_binary_beam_position_fields_with_au/production/run045/fields/position_x10_y5.npz,12923691,dd16d1f0edd3a630fb8d06e84978c4099f2b05270fb818de77ffdf3d7e8176e4
45,position_x-10_y10,-10.0,10.0,-0.7713021325175031,0.1942803909914296,255974.75402125478,400631.9234754986,7.76494413012085,-8.536246262638352,1.268589275726225e-17,3.1769748770589422e-09,1.452896224756967e-16,0.0,2.044895883758983e-16,4.706633308862633e-11,6.620000476549234e-11,/home/seunghyun/tairte4/artifacts/exact_binary_beam_position_fields_with_au/production/run045/fields/position_x-10_y10.npz,12939494,69560d30375aead78af5029d8a2d6ff87f2f424e8c5ba8dd36b6229a148f8957
45,position_x-5_y10,-5.0,10.0,5.508991987042722,0.1922784035325966,562551.6953401339,365151.07847182563,12.049935960886698,-6.540943973843976,8.898778492003757e-17,1.447261827813308e-09,1.59407062843876e-16,0.0,1.5500958688151304e-16,7.752894029329185e-11,1.3452327688105798e-11,/home/seunghyun/tairte4/artifacts/exact_binary_beam_position_fields_with_au/production/run045/fields/position_x-5_y10.npz,12971305,d66c122a4084e872c38edd881ff569423468a6d06eeb8d6ad8d6190afac4e1bd
45,position_x0_y10,0.0,10.0,9.117851175778478,0.17530701096972903,571629.3980604467,251090.86205980575,12.546544978561931,-3.4286938027834566,1.0355784021443777e-16,1.1002285262118491e-10,1.7386433471522542e-16,0.0,1.4656402521865563e-16,5.2211672947169554e-11,6.604489087716985e-14,/home/seunghyun/tairte4/artifacts/exact_binary_beam_position_fields_with_au/production/run045/fields/position_x0_y10.npz,12971010,c51e89f157dde0eb3165a56cb9e7306fb61e1eae525df02bcdba16986ae3321b
45,position_x5_y10,5.0,10.0,5.559809892868645,0.1921818162602583,581566.1111180307,332077.04907692666,12.08043552479082,-6.520625631922178,0.0,1.3211476654996338e-09,1.752836008247695e-16,0.0,1.9070355816607105e-16,6.721433280696279e-11,1.2971706701827114e-11,/home/seunghyun/tairte4/artifacts/exact_binary_beam_position_fields_with_au/production/run045/fields/position_x5_y10.npz,12970820,5ff21320c4c69bc62a7bfc9d02447c7046b51d9f914cacdcb5e9f22de0870a76
45,position_x10_y10,10.0,10.0,-0.7820830114051045,0.19432346142206786,253836.97811929716,400603.41999534366,7.759787907354648,-8.541870918759752,3.1713820560239855e-17,2.54816913797691e-09,1.452999600306557e-16,0.0,1.9533282102032539e-16,6.09040889836189e-11,6.231792683202983e-11,/home/seunghyun/tairte4/artifacts/exact_binary_beam_position_fields_with_au/production/run045/fields/position_x10_y10.npz,12939413,472682f48a877a27d7510bb7566dc6611ba15bdb82c5a14209a95a3f0f991d2e
47,position_x-10_y-10,-10.0,-10.0,2.192874338314763,0.17429354812646367,420304.7058628204,228933.88605317523,8.789468936268122,-6.59659459795336,1.3440419810974122e-16,1.7244805904821288e-10,2.5425533072874726e-16,0.0,1.2629562234348854e-16,6.158585286194258e-11,6.848923627527313e-11,/home/seunghyun/tairte4/artifacts/exact_binary_beam_position_fields_with_au/production/run047/fields/position_x-10_y-10.npz,12755183,172ecc1ad582323bc544aaa3db93b1f2de9b0c3c800496d7fdf0287e31002ca7
47,position_x-5_y-10,-5.0,-10.0,-0.09516703425706584,0.22991730829749382,699978.6683047106,367365.8545174822,9.804771235156274,-9.89993826941334,9.182868641327224e-18,4.6334558359590494e-10,1.5844602920410348e-16,0.0,2.956281300789665e-16,6.75307552435632e-11,2.616043068634041e-09,/home/seunghyun/tairte4/artifacts/exact_binary_beam_position_fields_with_au/production/run047/fields/position_x-5_y-10.npz,12778524,0d117704e99e1c57bcab7e56746f7e0376725dfcced3c471e6d232c9e03a643b
47,position_x0_y-10,0.0,-10.0,0.287543299129084,0.3050887192280014,1008461.5766850404,488581.76359298645,10.027808952191378,-9.740265653062295,1.5691600517581356e-17,4.845022892008534e-10,1.7870395065120776e-16,0.0,1.8552149967271345e-16,5.865691895645086e-11,1.1868401781424063e-09,/home/seunghyun/tairte4/artifacts/exact_binary_beam_position_fields_with_au/production/run047/fields/position_x0_y-10.npz,12776733,8ca746b98601aa6a81fbd366951e80152ac603c6cf9bc2a66163ba379c2f5b0f
47,position_x5_y-10,5.0,-10.0,4.431683090248249,0.3803661648970828,1281043.9355126475,877885.0821626805,9.531675388674733,-5.099992298426485,1.1306716776820213e-16,2.404419680129603e-10,1.326088393484763e-16,0.0,2.9969940032297817e-16,6.249907996819566e-11,1.0318098864532776e-11,/home/seunghyun/tairte4/artifacts/exact_binary_beam_position_fields_with_au/production/run047/fields/position_x5_y-10.npz,12770907,05b8b0d991283ec0411ff512604d66665a26ec91ccc39b3b53df50aae32a8c83
47,position_x10_y-10,10.0,-10.0,3.0211268310177646,0.2961381474606285,954682.7114899375,645209.8652963936,5.665244410018737,-2.644117579000976,2.9864408855195865e-16,1.2104162375685715e-09,1.8043016402648534e-16,0.0,1.1842882720410557e-16,6.194774705006498e-11,5.383019430380091e-12,/home/seunghyun/tairte4/artifacts/exact_binary_beam_position_fields_with_au/production/run047/fields/position_x10_y-10.npz,12736962,84ff55ba3d870d6b814ba2a51216506a08bada39a9f62245c7a226d336740229
47,position_x-10_y-5,-10.0,-5.0,4.573379851598852,0.4273762289595541,1460554.4353544335,614027.3134045695,11.170523735661048,-6.5971438840622,1.8622154134283876e-16,2.8572199209619897e-10,3.791861348364197e-16,0.0,2.0651131215737117e-16,6.338701136911472e-11,2.0817970864928006e-13,/home/seunghyun/tairte4/artifacts/exact_binary_beam_position_fields_with_au/production/run047/fields/position_x-10_y-5.npz,12767098,d21bed536f0b0d7b653e549869bbf4ff724341a1404d5b09bd1d3a9a3b001766
47,position_x-5_y-5,-5.0,-5.0,17.911241087531334,0.4817765239079428,1640229.130067178,873488.3252530785,28.05523374735247,-10.143992659821144,1.7323505009990202e-16,8.027530324826854e-11,2.6655266810396224e-16,0.0,2.1274876314443135e-16,4.3096547884389524e-11,2.861449438556739e-13,/home/seunghyun/tairte4/artifacts/exact_binary_beam_position_fields_with_au/production/run047/fields/position_x-5_y-5.npz,12779914,319b9fec0484f5e39671293abd1226fc55c13f2a804d9bebd0c47755def75c8c
47,position_x0_y-5,0.0,-5.0,27.35831371122957,0.34486984867155124,1201166.1404692184,878878.2738192561,36.37699775409511,-9.018684042865546,2.915451266938467e-16,2.6013791771678033e-10,1.3245898242658799e-16,0.0,1.8042128134630036e-16,6.979222108412527e-11,1.0215826469392816e-12,/home/seunghyun/tairte4/artifacts/exact_binary_beam_position_fields_with_au/production/run047/fields/position_x0_y-5.npz,12786047,c8a7a5d5f606dfd7c1595879b2ac98df0c41829e109dcfd0a1d5a2f4cd404bee
47,position_x5_y-5,5.0,-5.0,13.488317590076266,0.3764916976082566,1259112.4108293608,875582.1193224159,20.158919697172642,-6.670602107096381,1.233239442115453e-16,1.1379568963387287e-10,1.3295762814003648e-16,0.0,2.1746380058426322e-16,8.16857112682497e-11,1.1569339929925385e-11,/home/seunghyun/tairte4/artifacts/exact_binary_beam_position_fields_with_au/production/run047/fields/position_x5_y-5.npz,12763872,9a5b8fb54fa4062cbc1ba7665996af84e94a33be8113279aa4b8fc703fcbf5d3
47,position_x10_y-5,10.0,-5.0,0.931650111599208,0.21646880594243692,706490.8065300711,415250.56146102893,8.654852651202884,-7.723202539603676,7.575813516161671e-17,4.937075849696586e-10,2.1026218739597118e-16,0.0,1.7637615584778437e-16,7.239971628632781e-11,2.7471689006644922e-11,/home/seunghyun/tairte4/artifacts/exact_binary_beam_position_fields_with_au/production/run047/fields/position_x10_y-5.npz,12758842,c9ff318e27af4eb58f3d1c4be4861e55d02ff573e15b399a1d6dc780f2a0ea30
47,position_x-10_y0,-10.0,0.0,6.732360377070502,0.4341700767990962,1429996.5487378913,568740.5969379931,10.779207042579714,-4.046846665509216,3.3475419508364272e-16,1.5286695378645748e-10,4.093793284801401e-16,0.0,3.1828423372554836e-16,9.807435834585025e-11,4.946353913764403e-12,/home/seunghyun/tairte4/artifacts/exact_binary_beam_position_fields_with_au/production/run047/fields/position_x-10_y0.npz,12743782,becc3b684c8c4753f10b03710ea4ab2a991c8b652914eeb48a5102713868d247
47,position_x-5_y0,-5.0,0.0,32.683233445029195,0.42016134330495436,1423530.6974864784,659982.9055432216,39.536614498429614,-6.853381053400425,2.8529620758556726e-16,1.3075310636181478e-10,2.645871298691786e-16,0.0,1.6493003604446502e-16,9.879122366469988e-11,2.0996363084097011e-13,/home/seunghyun/tairte4/artifacts/exact_binary_beam_position_fields_with_au/production/run047/fields/position_x-5_y0.npz,12760018,3f822191ca3526822de7de771900ae710bb8798c0f963cb05e8843d6679536ae
47,position_x0_y0,0.0,0.0,47.657727214380586,0.41676510378482373,1385454.0597011477,979208.0219551582,54.61493620602219,-6.957208991641636,2.14949304727986e-16,1.3799605646488627e-10,1.188872223437176e-16,0.0,2.0878260326566838e-16,8.996231851849186e-11,6.519174459947184e-13,/home/seunghyun/tairte4/artifacts/exact_binary_beam_position_fields_with_au/production/run047/fields/position_x0_y0.npz,12763715,50e7eed58ba671f688b281848aa051862e959aa31425a3cfbe87fffe999d969a
47,position_x5_y0,5.0,0.0,16.61154639980109,0.18864630717831532,617140.9492924477,382909.92170655145,24.223330906435294,-7.611784506634213,1.0393310679985022e-16,1.1673870488865976e-10,1.5201397930366425e-16,0.0,2.1477523529107755e-16,5.1460707041216055e-11,1.3203382063176903e-11,/home/seunghyun/tairte4/artifacts/exact_binary_beam_position_fields_with_au/production/run047/fields/position_x5_y0.npz,12746756,0caeb96ab21acd0eb85bf77fcc9d2e8507c1251903b0a2f3460162c441818515
47,position_x10_y0,10.0,0.0,-2.7278483547768,0.16521873938162834,191550.64540525508,157059.91563424253,8.971392468028867,-11.699240822805667,6.002578157001632e-17,1.2028292251079736e-10,3.7060799809048703e-16,0.0,2.0080265837846726e-16,5.375562553125812e-11,7.400463744262412e-13,/home/seunghyun/tairte4/artifacts/exact_binary_beam_position_fields_with_au/production/run047/fields/position_x10_y0.npz,12735744,ec3ec57301d606e5e173a62b3eecbdbe03f2f72c37947ce72abf11aa294be3e2
47,position_x-10_y5,-10.0,5.0,4.591662086792791,0.42135334847332945,1432637.729944852,711916.1507168699,11.082254335283498,-6.490592248490708,1.882860829882395e-16,8.180735167403921e-10,3.2704784604116495e-16,0.0,0.0,9.860774998404286e-11,1.2185238281079427e-11,/home/seunghyun/tairte4/artifacts/exact_binary_beam_position_fields_with_au/production/run047/fields/position_x-10_y5.npz,12768082,da157ce815cfd782089536281c9e47ee2d1fefa407a36b444e846ad0098ebd6d
47,position_x-5_y5,-5.0,5.0,17.907324732200816,0.47367816112591277,1605990.7271109903,782987.4495115838,27.981973744993923,-10.07464901279311,2.608262801933803e-16,3.6803848795640227e-10,2.9736191020572044e-16,0.0,0.0,5.3263877894113884e-11,8.453191884387529e-13,/home/seunghyun/tairte4/artifacts/exact_binary_beam_position_fields_with_au/production/run047/fields/position_x-5_y5.npz,12780881,d3fa3a6d421fd64b0d4b8c1668b8efbd6903cd9a022e8ceedadf160022bd96ed
47,position_x0_y5,0.0,5.0,27.266772330616895,0.34767667075184516,1176477.1199065296,711654.7190590204,36.50708581511672,-9.240313484499824,1.446518272456133e-16,1.7941361413240198e-10,1.6358399475080277e-16,0.0,1.9613163186214016e-16,7.788764742018483e-11,6.648564811746481e-13,/home/seunghyun/tairte4/artifacts/exact_binary_beam_position_fields_with_au/production/run047/fields/position_x0_y5.npz,12786353,cc677ad28902842ef3666292593c268a7f43008b0da45b58f8f6f346384a27ba
47,position_x5_y5,5.0,5.0,13.299195594174885,0.3749207578143961,1248093.5064163273,744320.5793027163,20.17013773024603,-6.870942136071146,1.8353866413080151e-16,2.476142754223886e-10,1.5640481408695341e-16,0.0,3.521897833388695e-16,5.565157835666662e-11,1.1340150382545404e-11,/home/seunghyun/tairte4/artifacts/exact_binary_beam_position_fields_with_au/production/run047/fields/position_x5_y5.npz,12763217,243d59d784a73daa3a5ef3b3aea0c4adce55bec54d78901ea919e694345e319b
47,position_x10_y5,10.0,5.0,0.8362758315335219,0.20789117492817136,675004.1229404851,334963.52333891863,8.655158852054175,-7.818883020520657,1.0669869697256348e-16,2.876284368726061e-10,1.7377313306611138e-16,0.0,1.5308048915547813e-16,9.657027668555137e-11,2.310618718874669e-11,/home/seunghyun/tairte4/artifacts/exact_binary_beam_position_fields_with_au/production/run047/fields/position_x10_y5.npz,12763358,66fa6c2fc16881e134e6afa39f1662315364d81ac141405ebf8f29da4d377c1a
47,position_x-10_y10,-10.0,10.0,2.175947788243049,0.17435070922649318,420059.03381280747,222205.51947389334,8.680891172895763,-6.504943384652713,1.0894108050740725e-16,8.231007387180587e-10,2.6195416320568113e-16,0.0,1.9285606599380705e-16,6.198209593734414e-11,6.16695810342932e-11,/home/seunghyun/tairte4/artifacts/exact_binary_beam_position_fields_with_au/production/run047/fields/position_x-10_y10.npz,12755428,7a63ce0043279e463332158903c853a5cfda31920c3c6b08895b2cab7e1b11d1
47,position_x-5_y10,-5.0,10.0,-0.09437554341996941,0.2288779619408156,687583.6407806656,336964.3928222796,9.692623978626083,-9.786999522046052,9.952474495229667e-18,4.5192579159157447e-10,1.7274128113639312e-16,0.0,2.1268085282285738e-16,5.269851154861048e-11,3.115895701991588e-09,/home/seunghyun/tairte4/artifacts/exact_binary_beam_position_fields_with_au/production/run047/fields/position_x-5_y10.npz,12779149,b23d062fc21904fdfc09d23aa98cd6746704f0ac3abab97e37738c30aaaf15bb
47,position_x0_y10,0.0,10.0,0.30443036376211713,0.305470364947764,999953.7801549982,469107.41837417235,10.053735148752056,-9.74930478498994,2.349584185649606e-17,1.4301798326060953e-10,2.1714303080434137e-16,0.0,1.7552516289104868e-16,7.424378263778991e-11,1.08561042161571e-09,/home/seunghyun/tairte4/artifacts/exact_binary_beam_position_fields_with_au/production/run047/fields/position_x0_y10.npz,12777560,325d610eee8a4d8848e54c18ecd13f32697b528c70eba0073964a0ee7d17f429
47,position_x5_y10,5.0,10.0,4.3916184501645725,0.3890815538547639,1324063.0818205283,794819.6453528679,9.509769514358295,-5.118151064193723,1.696441968175305e-16,5.078897310266885e-10,1.464675948909782e-16,0.0,1.6124001530329762e-16,7.17744999403569e-11,7.233561978287582e-12,/home/seunghyun/tairte4/artifacts/exact_binary_beam_position_fields_with_au/production/run047/fields/position_x5_y10.npz,12771572,51c6eef14fee4e18d51f5143bf0c1216fc5f2e67435e4f57c1a2f30768f68c92
47,position_x10_y10,10.0,10.0,2.9970142616534905,0.29952775127294745,966124.6671748977,515464.4253905448,5.692799088094368,-2.69578482644088,1.972157925534338e-16,1.2379044492299745e-09,2.2584550182824356e-16,0.0,2.4928309455404526e-16,4.87876739258053e-11,3.3397568807838194e-12,/home/seunghyun/tairte4/artifacts/exact_binary_beam_position_fields_with_au/production/run047/fields/position_x10_y10.npz,12738228,23e736eae4bc5d818c4aac42e239358ad00b35989b62c87af288e1246b4e711e
48,position_x-10_y-10,-10.0,-10.0,7.3590745557926756,0.22903113780746273,448786.083260697,416495.49940689636,14.85931752586454,-7.500242970071865,1.1098348011402439e-16,1.8689137122787878e-10,5.590231922924217e-16,0.0,1.5976027808630438e-16,8.842023023742175e-11,1.9751308260039766e-11,/home/seunghyun/tairte4/artifacts/exact_binary_beam_position_fields_with_au/production/run048/fields/position_x-10_y-10.npz,12630790,db8dd776f319caaa074c9f800c944f7bda8a312b32870dd3efd1808f17bd9d32
48,position_x-5_y-10,-5.0,-10.0,1.1068866618971838,0.19948930172057483,424689.46476517647,259074.51693072642,10.133099363472269,-9.026212701575089,1.0793453983951576e-16,5.607458387558458e-12,4.493507242862599e-16,0.0,1.9122621193782557e-16,4.638581015361634e-11,0.0,/home/seunghyun/tairte4/artifacts/exact_binary_beam_position_fields_with_au/production/run048/fields/position_x-5_y-10.npz,12687578,5e749039bd140844a7e4b5a6d88cae11e8b68f139eae387a5ce10bc8a42c07ed
48,position_x0_y-10,0.0,-10.0,-6.733757920361648,0.20328850078254626,468125.95292810415,266218.0151984194,6.075200186248839,-12.808958106610488,1.752115396884403e-16,4.481065789551306e-10,1.093232944248414e-16,0.0,1.4114729386825982e-16,7.103196822561494e-11,0.0,/home/seunghyun/tairte4/artifacts/exact_binary_beam_position_fields_with_au/production/run048/fields/position_x0_y-10.npz,12672112,e97937622286f9dd279204b8381e0c50ac181ed0be9cb672ea0638897e26ba2d
48,position_x5_y-10,5.0,-10.0,-4.194198717084019,0.13852716159787612,496736.80178338056,212519.62503496616,4.940083475948691,-9.134282193032709,0.0,7.152363347046589e-10,2.7389310941937913e-16,0.0,2.0546158411047445e-16,9.937973857916565e-11,0.0,/home/seunghyun/tairte4/artifacts/exact_binary_beam_position_fields_with_au/production/run048/fields/position_x5_y-10.npz,12664966,e60b7957e48e8f844d5c518f2d3d2aa36c00313b241bcce7970828ddfe79c7c0
48,position_x10_y-10,10.0,-10.0,-1.9255474019486583,0.20939520878313148,1091826.0309461814,271101.762818911,4.183984310845979,-6.109531712794642,5.22335999598809e-16,8.832481568502182e-10,4.294155840834471e-16,0.0,1.418168508109711e-16,6.21252111278051e-11,0.0,/home/seunghyun/tairte4/artifacts/exact_binary_beam_position_fields_with_au/production/run048/fields/position_x10_y-10.npz,12669426,73667f8d239e7542811e4ce26d0787c270a7976bb745713bfcd1fb41c14f0ab0
48,position_x-10_y-5,-10.0,-5.0,5.568308639504667,0.2109396258397788,574639.2593744795,244075.48277127946,13.845970261804045,-8.277661622299378,7.477801265961082e-17,3.004165904582965e-10,4.76964423075735e-16,0.0,2.4698104902542894e-16,5.099607736405243e-11,7.391016580863396e-11,/home/seunghyun/tairte4/artifacts/exact_binary_beam_position_fields_with_au/production/run048/fields/position_x-10_y-5.npz,12652098,6ce21bbd5e13aa33f3dbf078a53175d944948d070325c42b5615d194f3fbab92
48,position_x-5_y-5,-5.0,-5.0,6.85730503156728,0.1915498837552432,594059.5567778186,351335.46537042013,16.069251461182652,-9.211946429615377,6.543840336411502e-17,8.497716543658089e-11,1.6567544882523565e-16,0.0,1.480551386553981e-16,6.58927353043594e-11,0.0,/home/seunghyun/tairte4/artifacts/exact_binary_beam_position_fields_with_au/production/run048/fields/position_x-5_y-5.npz,12680095,0a8414f9527f3b279fd9924ae7146bcf2c250197a70b128044f9d7386ba1f6b5
48,position_x0_y-5,0.0,-5.0,9.674742114548005,0.199945290512323,403128.94200872193,237651.793981909,19.17076951651216,-9.496027401964158,5.771001307927035e-17,4.3274141857556264e-10,1.224641731883968e-16,0.0,1.988672489575807e-16,4.85161621512299e-11,0.0,/home/seunghyun/tairte4/artifacts/exact_binary_beam_position_fields_with_au/production/run048/fields/position_x0_y-5.npz,12668523,0d5aa421ef84fa3bdebeee1b90a50d3a8d5bda7769f35ef75c967f0d419bb593
48,position_x5_y-5,5.0,-5.0,2.3893583855095115,0.1906649335658048,596726.3156398083,227882.04068300716,13.620223195454091,-11.230864809944586,2.496411663263989e-16,3.746552380362457e-10,2.5542890847829707e-16,0.0,1.1342232759675135e-16,9.123681588651908e-11,0.0,/home/seunghyun/tairte4/artifacts/exact_binary_beam_position_fields_with_au/production/run048/fields/position_x5_y-5.npz,12668268,9b33cdf0c318e5303b7ce0ced4cff3354877df5cd30a8196fca9072e518edb20
48,position_x10_y-5,10.0,-5.0,-6.835051040979049,0.21702964327559418,676631.6002278086,173874.69779603617,11.07797873478742,-17.91302977576648,4.85049369989399e-16,1.1533144412427818e-10,6.695357248787049e-16,0.0,1.786397090394645e-16,6.555911117271582e-11,0.0,/home/seunghyun/tairte4/artifacts/exact_binary_beam_position_fields_with_au/production/run048/fields/position_x10_y-5.npz,12637938,f2b89cb1a3df86d021b0d888d32ac12727193e5df564fa3d2984d68e1500704e
48,position_x-10_y0,-10.0,0.0,3.4244890593972905,0.13563912115016533,403436.77981226234,186525.63677158798,10.023234063706015,-6.598745004308723,0.0,1.6438083073012643e-11,6.241250470544834e-16,0.0,2.1775314519840004e-16,3.711433854089955e-11,0.0,/home/seunghyun/tairte4/artifacts/exact_binary_beam_position_fields_with_au/production/run048/fields/position_x-10_y0.npz,12638187,80aad4eadac7d9755e2e5785e2629dd6926bfbb98454a04c9b528cdb9af51ef9
48,position_x-5_y0,-5.0,0.0,11.594089767156808,0.16226732168243424,423192.4291066025,201029.41654694625,18.33984732590367,-6.74575755874687,1.9784588404942123e-16,1.2175462083852588e-10,2.895479771731527e-16,0.0,3.3905964628243234e-16,5.5076828156860815e-11,0.0,/home/seunghyun/tairte4/artifacts/exact_binary_beam_position_fields_with_au/production/run048/fields/position_x-5_y0.npz,12647291,05e689be0ae69260e02cd4a848df81a6f6e506c80383cc3350dac02559d9336e
48,position_x0_y0,0.0,0.0,23.340305034498154,0.20419114872159108,369577.37045147165,130097.64212093108,28.522163547089725,-5.18185851259158,9.816995859880459e-17,6.589403229052401e-11,2.2370759363709683e-16,0.0,1.7248261991031383e-16,5.7817998885156314e-11,1.993146087046921e-13,/home/seunghyun/tairte4/artifacts/exact_binary_beam_position_fields_with_au/production/run048/fields/position_x0_y0.npz,12626617,60a2c8fe0f572534fcb07dce08ee664c4b5c1ead95e477df9474b173e20515be
48,position_x5_y0,5.0,0.0,7.505898392440276,0.18692817128956746,448676.8501182535,234725.57516068104,18.42664175730841,-10.920743364868144,3.3823004364145394e-16,9.09897443936409e-11,2.479817585860486e-16,0.0,2.1619565895988124e-16,8.901618164537133e-11,0.0,/home/seunghyun/tairte4/artifacts/exact_binary_beam_position_fields_with_au/production/run048/fields/position_x5_y0.npz,12629000,c01088150cdb322e5a6d900d33b40ed782abc2d66df5d2a5e3d73d01a89be029
48,position_x10_y0,10.0,0.0,-11.298727924844997,0.21270389169654755,374526.5244519502,342526.429947715,14.790990317449538,-26.089718242294545,3.6421215655288804e-16,1.1320604122046444e-10,3.3987252266841143e-16,0.0,2.1836134610174012e-16,7.003721588273084e-11,0.0,/home/seunghyun/tairte4/artifacts/exact_binary_beam_position_fields_with_au/production/run048/fields/position_x10_y0.npz,12593807,f18e5ed9cd457a8f8165dde1c5d5370309af0298123e2c8483a8bdecdbb34726
48,position_x-10_y5,-10.0,5.0,5.504147868126155,0.2110812199712669,578717.9674883367,275975.5973609462,13.843388047182406,-8.339240179056253,7.457913499849396e-17,2.875073384838341e-10,4.2183194072291903e-16,0.0,2.2387591259989173e-16,5.872076428893316e-11,0.0,/home/seunghyun/tairte4/artifacts/exact_binary_beam_position_fields_with_au/production/run048/fields/position_x-10_y5.npz,12652473,f9cebaec663723d903c527ef1bc1faf53709c72234681e6a288ca5f27a61ae21
48,position_x-5_y5,-5.0,5.0,6.668706568663731,0.19242317516647445,604469.6775455677,317447.54160817526,15.938617082869374,-9.26991051420565,1.6406761746945632e-16,3.141360998512843e-10,1.8336151106601728e-16,0.0,2.1472347871071473e-16,9.602392528587753e-11,0.0,/home/seunghyun/tairte4/artifacts/exact_binary_beam_position_fields_with_au/production/run048/fields/position_x-5_y5.npz,12681284,f7c3e5bc890fcf43f3c366a6318af1914f98c6b4f6bd5a12da86e321e2bf1f8d
48,position_x0_y5,0.0,5.0,9.497284393271427,0.199687028777735,402228.0116924317,225804.8705564373,19.042782949235633,-9.545498555964208,0.0,5.001730319046685e-10,1.2888929448251002e-16,0.0,1.9888306473230982e-16,5.0670899235426226e-11,0.0,/home/seunghyun/tairte4/artifacts/exact_binary_beam_position_fields_with_au/production/run048/fields/position_x0_y5.npz,12670034,2e94e11e245d63d987fad91c64affa7707386d2bd5becac92ddd163dd8bcdcf4
48,position_x5_y5,5.0,5.0,2.4008526156151375,0.1899302832582076,594881.0835871388,182315.64857886548,13.586455903476434,-11.185603287861307,2.671334203310074e-16,3.5646497315705893e-10,3.192685946993087e-16,0.0,1.9848744941103673e-16,9.302232898390468e-11,0.0,/home/seunghyun/tairte4/artifacts/exact_binary_beam_position_fields_with_au/production/run048/fields/position_x5_y5.npz,12669094,6351c4e6909f1d1340ba63a56caeb409d784a8a2f72fe26d98ee5142eae80ac9
48,position_x10_y5,10.0,5.0,-6.773260771933418,0.21721197474894802,678639.2177343441,216264.8502123903,11.073284072753827,-17.846544844687255,3.718330420932812e-16,1.5111260507620909e-10,5.382997824778514e-16,0.0,1.7894822507366687e-16,6.764963392867501e-11,0.0,/home/seunghyun/tairte4/artifacts/exact_binary_beam_position_fields_with_au/production/run048/fields/position_x10_y5.npz,12638888,9fc4b9cd807cd643054dd39f6ca0b99180185a6cf30375a9e8c3aea158c85e74
48,position_x-10_y10,-10.0,10.0,7.297235220328226,0.22903250947313175,448794.3733051943,416517.88050134334,14.855540362238917,-7.558305141910693,3.690489489632143e-17,3.190112257886675e-10,5.589931538440131e-16,0.0,3.037827475346645e-16,7.894905006024637e-11,0.0,/home/seunghyun/tairte4/artifacts/exact_binary_beam_position_fields_with_au/production/run048/fields/position_x-10_y10.npz,12632344,f6aeb1cf3cbed94d1ffaae8487353f8ccbfe69ea801207a9a87d2849403a96eb
48,position_x-5_y10,-5.0,10.0,0.8869265125396388,0.19948331311884435,425004.59024408215,249095.94552356037,9.988303851543641,-9.101377339004005,9.749541438994138e-17,5.4343635245474424e-11,4.67351331561211e-16,0.0,1.2405935807619774e-16,3.9534882310682846e-11,0.0,/home/seunghyun/tairte4/artifacts/exact_binary_beam_position_fields_with_au/production/run048/fields/position_x-5_y10.npz,12688454,f3b4cc271285216381a52669f95ac2d60dc98cdd6c8362c2a62c48c2979d59dc
48,position_x0_y10,0.0,10.0,-6.9165388471578675,0.2033516803947315,463147.9190239325,250446.53791253804,5.9908564061164835,-12.90739525327435,4.37702189314422e-17,4.4631524922553225e-10,1.1620775714974132e-16,0.0,1.159993147828006e-16,6.278213343379003e-11,0.0,/home/seunghyun/tairte4/artifacts/exact_binary_beam_position_fields_with_au/production/run048/fields/position_x0_y10.npz,12673338,b283fee581076c751e0f3036147f9114a22700c6304e9b5cfb5596b4e60229c6
48,position_x5_y10,5.0,10.0,-4.196289803150853,0.1390754157213071,495867.5974654815,208359.18324077822,4.914906751496723,-9.111196554647579,2.358974818588913e-16,4.757563311562685e-10,2.7936210925823748e-16,0.0,2.054163619753736e-16,9.90881148996235e-11,0.0,/home/seunghyun/tairte4/artifacts/exact_binary_beam_position_fields_with_au/production/run048/fields/position_x5_y10.npz,12665505,15a59bd8fa59464fe8d4f68d2607e6a883eef38662b1e4969fb9c3056cb64eeb
48,position_x10_y10,10.0,10.0,-1.8932626295850723,0.2091104968789472,1089977.700663564,237487.40597750715,4.182017432734449,-6.075280062319526,5.645019353941166e-16,4.029959962426528e-10,4.901957699515262e-16,0.0,0.0,6.736792942814718e-11,0.0,/home/seunghyun/tairte4/artifacts/exact_binary_beam_position_fields_with_au/production/run048/fields/position_x10_y10.npz,12670907,be0e9fa00e0a534de57882b348bdcad36bebc2b0453ef282c5e24d6af8edb05f
55,position_x-10_y-10,-10.0,-10.0,-12.402010911699106,0.7221324334532158,2692087.2899506255,1344424.992740442,44.50445622123721,-56.90646713293632,1.6313442086788482e-17,7.805587253229788e-11,1.7318232323193689e-16,0.0,1.35528230426413e-16,6.635882366307801e-11,1.195162215048588e-11,/home/seunghyun/tairte4/artifacts/exact_binary_beam_position_fields_with_au/production/run055/fields/position_x-10_y-10.npz,12668390,38af1d3cf257739772fd2a8214d7957d651f41feba3c173cff6a23832d5af2fd
55,position_x-5_y-10,-5.0,-10.0,147.67159440717242,1.7649549002121458,6094629.591522387,3022689.2621040437,202.98480113128699,-55.31320672411462,2.0495535231936432e-16,1.803978069598104e-10,1.5405529544363424e-16,0.0,1.2003087482175258e-16,5.537275011126585e-11,2.7258183269290725e-12,/home/seunghyun/tairte4/artifacts/exact_binary_beam_position_fields_with_au/production/run055/fields/position_x-5_y-10.npz,12687953,d258cbc89f35dbc821b9427a859579044363ee41c19f21e113a33db24909381a
55,position_x0_y-10,0.0,-10.0,306.237133504598,2.2203330470341953,4904348.3152937265,3128762.4728892082,343.14866971717333,-36.91153621257548,4.1787768130488704e-16,2.5549891119599444e-10,1.4883241899719265e-16,0.0,3.8501193446468477e-16,8.366107673639294e-11,0.0,/home/seunghyun/tairte4/artifacts/exact_binary_beam_position_fields_with_au/production/run055/fields/position_x0_y-10.npz,12683683,238f9c3f964a0aed630b85c78fd110c99690a67aabedc0a025b0e8aba2010980
55,position_x5_y-10,5.0,-10.0,147.15245157044706,1.7578917783476178,5830835.0239560185,3892791.760076416,202.65340736451697,-55.500955794069974,3.076040932777443e-16,2.7211980788950354e-10,1.7943213354620782e-16,0.0,1.8471410106924842e-16,5.599377466380807e-11,0.0,/home/seunghyun/tairte4/artifacts/exact_binary_beam_position_fields_with_au/production/run055/fields/position_x5_y-10.npz,12687353,cb470231968a72882358a433dffb9c9c407fec0e23e53ff2df7fd2bfd804ae54
55,position_x10_y-10,10.0,-10.0,-12.56967699673287,0.7125787687504451,2688349.1062960476,1715587.62713098,44.47824131664153,-57.04791831337438,1.6294925673687635e-17,2.599816446364502e-10,1.357148069686409e-16,0.0,2.7044955714766077e-16,6.784399561849243e-11,0.0,/home/seunghyun/tairte4/artifacts/exact_binary_beam_position_fields_with_au/production/run055/fields/position_x10_y-10.npz,12667630,11734bc0899cba85f256ee112ee847ac070835cb35b947c0d8cd55e2ca31555a
55,position_x-10_y-5,-10.0,-5.0,-116.21766849684792,1.6453229936320133,5598649.319855435,2463898.4747113246,87.02799340007067,-203.24566189691862,4.5594526266282616e-17,2.208379542667389e-10,1.8899369924821966e-16,0.0,1.5457689383083155e-16,4.377891911196199e-11,1.1321968174181279e-12,/home/seunghyun/tairte4/artifacts/exact_binary_beam_position_fields_with_au/production/run055/fields/position_x-10_y-5.npz,12665697,4d34ebdc4db381550198b48c15b0870ef92b9b262445bda5efb3202095c1041e
55,position_x-5_y-5,-5.0,-5.0,323.8077297033216,2.717947193754905,7735171.08686232,4110979.506528033,431.9391167522167,-108.1313870488952,1.9604684510928024e-16,9.474640151521594e-11,1.1327258785121457e-16,0.0,1.935990682112196e-16,3.363998678362203e-11,1.6584498740976998e-12,/home/seunghyun/tairte4/artifacts/exact_binary_beam_position_fields_with_au/production/run055/fields/position_x-5_y-5.npz,12682700,bfdeb45d6aacc33fbf2f4b0749c48aca3a4184e3a00f960dee7e81540312d608
55,position_x0_y-5,0.0,-5.0,738.0219230197823,3.143351514812466,6965392.756898897,3682797.715239728,768.8772660083641,-30.855342988582024,1.3239314892959663e-16,3.284435717275219e-11,1.2644226572119168e-16,0.0,1.5583239923907372e-16,5.4072074659695734e-11,0.0,/home/seunghyun/tairte4/artifacts/exact_binary_beam_position_fields_with_au/production/run055/fields/position_x0_y-5.npz,12672967,2b162f36822ac37fde7266c24f73ab92f44e22d5078a9f0d53fac214c2b0d364
55,position_x5_y-5,5.0,-5.0,319.73873175645446,2.7192776039196644,8144226.201763942,5449392.845833713,429.4303651060596,-109.69163334960531,1.963917605107605e-16,9.196171840560691e-11,1.7090391553024357e-16,0.0,1.9806436535513383e-16,3.7868943321469474e-11,0.0,/home/seunghyun/tairte4/artifacts/exact_binary_beam_position_fields_with_au/production/run055/fields/position_x5_y-5.npz,12683522,951818668e4d431c5ffbb0b1e0af681931ee048e1fcc6c9acb5d03b6b98ef26d
55,position_x10_y-5,10.0,-5.0,-118.46985353981627,1.6454754914357563,5577712.71254439,2816141.71735593,86.34639449090967,-204.81624803072597,0.0,6.470159620465602e-11,1.6535435146529051e-16,0.0,1.9990148390194177e-16,4.657368403430802e-11,0.0,/home/seunghyun/tairte4/artifacts/exact_binary_beam_position_fields_with_au/production/run055/fields/position_x10_y-5.npz,12664801,e0ac35170efb4959f60455f34221b591db98b34490cdd9aba67538b186b51ddc
55,position_x-10_y0,-10.0,0.0,-270.5442955974576,2.8723992506041425,9219098.33174265,3677323.6726844087,97.73715154194515,-368.28144713940264,3.407990111544404e-16,9.150271690024109e-11,1.58288108674906e-16,0.0,1.2051667908735283e-16,6.064381959776853e-11,4.3049153925169994e-13,/home/seunghyun/tairte4/artifacts/exact_binary_beam_position_fields_with_au/production/run055/fields/position_x-10_y0.npz,12662277,5f435d1e09fc572cb9042f0639da0fbb31b577c99a4e45382c96953e913bf8f8
55,position_x-5_y0,-5.0,0.0,299.3147597279703,3.1449782641862263,8462990.75941724,3671943.176983125,462.207922573491,-162.89316284552075,1.693791946238834e-16,1.1136995398030387e-10,1.268160385015346e-16,0.0,1.7892599077318265e-16,4.3933478655354554e-11,2.1613415056897322e-13,/home/seunghyun/tairte4/artifacts/exact_binary_beam_position_fields_with_au/production/run055/fields/position_x-5_y0.npz,12685818,b50e02e7bcffef9c60299340ed3515cac3e1a93c2797f5cb694cdd888a1cd7dd
55,position_x0_y0,0.0,0.0,794.3357148981133,2.9709249222529492,9538758.26657744,2625786.341961579,834.6015989065249,-40.26588400841188,2.4204607091810756e-16,1.8915174304037353e-11,2.660124777859132e-16,0.0,0.0,5.4187865343967565e-11,1.0207551713371065e-12,/home/seunghyun/tairte4/artifacts/exact_binary_beam_position_fields_with_au/production/run055/fields/position_x0_y0.npz,12658529,8c343e6eb45976c97a7fdbcf3cf5900f15083f14f8c293384fdcd5f034fc151a
55,position_x5_y0,5.0,0.0,292.49268338607413,3.151325603177059,8484507.406380815,4160715.8784802416,457.47476004427307,-164.9820766581989,1.7009873161276996e-16,2.7292341487268944e-12,1.1191854981403545e-16,0.0,1.212444624990633e-16,4.664630790601824e-11,0.0,/home/seunghyun/tairte4/artifacts/exact_binary_beam_position_fields_with_au/production/run055/fields/position_x5_y0.npz,12686381,8c06387af12e4831947451a8a723d56df94acb35943757cb99fce678a6bf7070
55,position_x10_y0,10.0,0.0,-274.7373417834768,2.8699976623106043,9187635.158793172,4686674.79674729,95.41085060594004,-370.14819238941664,3.4113541558200446e-16,9.700981524710655e-11,9.935856604151922e-17,0.0,1.2049697845847235e-16,6.658413541069606e-11,0.0,/home/seunghyun/tairte4/artifacts/exact_binary_beam_position_fields_with_au/production/run055/fields/position_x10_y0.npz,12662615,264cd500a655d19fb23e4522650948e5c3320ad2178462614a6a7b007a623261
55,position_x-10_y5,-10.0,5.0,-217.2325817643797,3.198585780241814,7347063.487589598,4049990.475646384,83.29528600729779,-300.52786777167745,6.896347794833535e-17,4.7551421461024396e-11,1.7246754903790942e-16,0.0,2.362378409625437e-16,5.89528041504537e-11,7.69604295113431e-13,/home/seunghyun/tairte4/artifacts/exact_binary_beam_position_fields_with_au/production/run055/fields/position_x-10_y5.npz,12673765,d4e84a12eaa2088feaec7477010ab0005c70a14ea9d99a9d46c87679e92e1a7b
55,position_x-5_y5,-5.0,5.0,110.51291430729235,2.3853111726282763,7651816.206346203,3926445.826394193,256.59907171631284,-146.0861574090206,2.629327095924675e-16,2.398156657650978e-11,1.4824516493309614e-16,0.0,2.1252321529179587e-16,6.809827348081867e-11,5.613811726862735e-12,/home/seunghyun/tairte4/artifacts/exact_binary_beam_position_fields_with_au/production/run055/fields/position_x-5_y5.npz,12684740,c4299a5c8bac2d8a2810e3f5e7658cae80fb4ac9877289d024e64e051b2f2465
55,position_x0_y5,0.0,5.0,364.28524808369474,1.5098289895495278,5572395.553530064,2099313.4538291227,403.48473618960145,-39.19948810590679,2.3917526895223015e-16,4.1823502992966196e-11,2.2181598772607236e-16,0.0,1.4743236210040062e-16,8.912616824186829e-11,0.0,/home/seunghyun/tairte4/artifacts/exact_binary_beam_position_fields_with_au/production/run055/fields/position_x0_y5.npz,12677282,d4737d20415ca5773dab000fac5f9334a1ebfa2440a6ca9cc33413738f3da221
55,position_x5_y5,5.0,5.0,106.1744445569626,2.393962863156703,7740970.061275198,4670909.030918177,254.17154759005174,-147.9971030330892,0.0,6.947368003599945e-11,1.2461741500032022e-16,0.0,0.0,9.731917653749935e-11,0.0,/home/seunghyun/tairte4/artifacts/exact_binary_beam_position_fields_with_au/production/run055/fields/position_x5_y5.npz,12683744,17db11b76d3552e8be745a537e071fec193addfbda8b2d858d2f097de6bcdf5b
55,position_x10_y5,10.0,5.0,-220.47450601921645,3.2002995581572953,7351284.966073574,3488992.4943842855,81.5574254254387,-302.0319314446551,2.070165331307234e-16,2.7748019962815964e-10,1.3346583234479447e-16,0.0,1.1817392453159337e-16,6.613340045029442e-11,0.0,/home/seunghyun/tairte4/artifacts/exact_binary_beam_position_fields_with_au/production/run055/fields/position_x10_y5.npz,12672806,2722521e4b85da3e61628481f1a6674468c3ea0f55f38db212a4215100883f1a
55,position_x-10_y10,-10.0,10.0,-50.76496962425377,2.341344857743275,4877621.160201436,3540610.381566858,73.14936351838341,-123.91433314263718,1.343209330292272e-16,4.07397068889309e-11,1.3152005929036055e-16,0.0,2.1149963832717093e-16,3.8839145514737366e-11,4.776581868951545e-12,/home/seunghyun/tairte4/artifacts/exact_binary_beam_position_fields_with_au/production/run055/fields/position_x-10_y10.npz,12684645,0d10cb3fddeb2227a2d645ce9edbb409d4b4967c61d489700c662e2b4ece6697
55,position_x-5_y10,-5.0,10.0,28.506471031611117,1.7080389153654087,5790281.31844169,3799656.386397081,104.95476140458679,-76.44829037297569,9.119809225341165e-17,1.2045208733752596e-10,1.225535258858735e-16,0.0,1.9750154013460587e-16,3.739584301136277e-11,1.42651332089066e-11,/home/seunghyun/tairte4/artifacts/exact_binary_beam_position_fields_with_au/production/run055/fields/position_x-5_y10.npz,12691972,5f6848b55f7a9d3274d2c9dd8aad6d1ea3f73ebcf203872df8e24b543fb95511
55,position_x0_y10,0.0,10.0,77.39698111800274,0.7572032653526216,2716928.9662948204,1701853.5723825726,103.24622947599238,-25.849248357989662,2.050403317437445e-16,1.3169894288149517e-10,1.368100331498613e-16,0.0,0.0,7.869046084630665e-11,0.0,/home/seunghyun/tairte4/artifacts/exact_binary_beam_position_fields_with_au/production/run055/fields/position_x0_y10.npz,12680379,9b9c49384179355b276e11317a609a07494aaf9cf05a2ccad7b258df6ea3267d
55,position_x5_y10,5.0,10.0,27.450550367671685,1.7108718064105641,5776261.261927248,2998831.442383999,104.46441922616137,-77.01386885848972,1.6408851089678962e-16,9.31483802295753e-11,1.5528091400080483e-16,0.0,1.4198192168775782e-16,3.5791628918200293e-11,0.0,/home/seunghyun/tairte4/artifacts/exact_binary_beam_position_fields_with_au/production/run055/fields/position_x5_y10.npz,12691817,f049fc4c8236dbee3b7e790a8dba82297eb4c9fe6809ba969b2ee1dea47df742
55,position_x10_y10,10.0,10.0,-51.91169690934191,2.3423499870407807,4863769.715205019,2919865.800358087,72.25315430773387,-124.16485121707574,3.369062262262087e-17,2.902777643946716e-10,1.5948037312215905e-16,0.0,1.9303612521478028e-16,3.665584167208829e-11,0.0,/home/seunghyun/tairte4/artifacts/exact_binary_beam_position_fields_with_au/production/run055/fields/position_x10_y10.npz,12684467,37a3db731b61719905381f1fa3ace92a2b4d3187223453a7606b77199c57666e
56,position_x-10_y-10,-10.0,-10.0,9.586771377734916,0.5006776571746719,1554789.0180959853,911919.1312359096,44.33671808450105,-34.74994670676614,2.0918333444360034e-17,1.1838087364898812e-09,1.276596990230471e-16,0.0,3.4158410156771977e-16,5.2309684912838606e-11,1.0531769413399869e-11,/home/seunghyun/tairte4/artifacts/exact_binary_beam_position_fields_with_au/production/run056/fields/position_x-10_y-10.npz,12644344,170c9daef42f87693a0c28796d25fcfa6c5bdbd7dc95b99d30d84649df08dfdd
56,position_x-5_y-10,-5.0,-10.0,186.78087068340943,1.5774427733045588,4279308.271784504,2419108.7010268853,229.27080527727253,-42.48993459386321,3.896041733511382e-16,5.458086615780268e-10,1.9249291572142712e-16,0.0,1.5271722828000947e-16,7.854028931719868e-11,2.6231573856283586e-13,/home/seunghyun/tairte4/artifacts/exact_binary_beam_position_fields_with_au/production/run056/fields/position_x-5_y-10.npz,12669684,e0ce9f99ba08d602b0fa9191df645192474f10cf7c056a5e30b3f72b37542799
56,position_x0_y-10,0.0,-10.0,358.9396366000769,2.1200637701790206,3856827.5993456217,2521911.1684803218,391.629348250378,-32.68971165030124,2.4952713279382446e-16,6.368939270879223e-10,1.8464618941687071e-16,0.0,0.0,8.492630728597028e-11,0.0,/home/seunghyun/tairte4/artifacts/exact_binary_beam_position_fields_with_au/production/run056/fields/position_x0_y-10.npz,12668193,07abeedfb5d006dee8e3a70c032cf1e71bd4e2b38c195306db59c38c6a177ab3
56,position_x5_y-10,5.0,-10.0,187.1456683635418,1.577730887181383,4349562.55191444,2966108.6947167525,229.4358325761705,-42.29016421262877,2.9224049131674385e-16,1.5933405533485386e-09,1.5699400636840364e-16,0.0,2.3697641197925474e-16,8.009982206405912e-11,0.0,/home/seunghyun/tairte4/artifacts/exact_binary_beam_position_fields_with_au/production/run056/fields/position_x5_y-10.npz,12669096,90a7aa79db68cc2031f6e4a43b178686dac71de8ae424e324123f970f7f898d6
56,position_x10_y-10,10.0,-10.0,10.111120194172754,0.4999333960835689,1546641.6081750349,1105668.0632977409,44.244618007816925,-34.13349781364418,1.2664462837110454e-16,1.5643145762845116e-09,1.052895762221051e-16,0.0,2.0149893555790362e-16,5.549421734749795e-11,0.0,/home/seunghyun/tairte4/artifacts/exact_binary_beam_position_fields_with_au/production/run056/fields/position_x10_y-10.npz,12642802,cb36c3bf3d2ccb6cb127eb9b49379fb36b66cad12e12cf340320cb5f4a4cd533
56,position_x-10_y-5,-10.0,-5.0,-66.59674953195673,1.3852156548344632,4672756.1760850055,1991755.2719824964,91.85558332359146,-158.4523328555482,0.0,9.305897497819775e-10,1.4612151837190904e-16,0.0,2.509555681833238e-16,7.71909546833497e-11,6.818486972093483e-13,/home/seunghyun/tairte4/artifacts/exact_binary_beam_position_fields_with_au/production/run056/fields/position_x-10_y-5.npz,12648477,f7b041e1e7759e4bdc1c783eea486953ff4b5d7c1a3d17b6742e3bca3e978a1d
56,position_x-5_y-5,-5.0,-5.0,389.71865490691573,2.657661170656052,7247579.433259601,3787452.9456572398,477.6733511177042,-87.95469621078858,1.8718859311673675e-16,7.555421116362495e-10,1.2294840199709272e-16,0.0,2.1194835791085979e-16,5.477949755928731e-11,9.775079104648961e-13,/home/seunghyun/tairte4/artifacts/exact_binary_beam_position_fields_with_au/production/run056/fields/position_x-5_y-5.npz,12658134,cb7bbe4b8f83b7564f42920c7bf16108f1f59cd3a3addde7770b11482a9803f1
56,position_x0_y-5,0.0,-5.0,827.0991585196485,3.220610007298507,6056771.644647294,3246417.7464940287,856.7041729889299,-29.6050144692815,4.778428110868687e-16,3.342276320575214e-10,1.4343849857604756e-16,0.0,1.8776305667689968e-16,9.53981419949775e-11,0.0,/home/seunghyun/tairte4/artifacts/exact_binary_beam_position_fields_with_au/production/run056/fields/position_x0_y-5.npz,12650200,6604a622b1fdcbf30c054eec9dc08d63db0b8d0ecb0f47d71470660782232b2d
56,position_x5_y-5,5.0,-5.0,392.34325999199905,2.651260780311836,7193208.736536537,4649517.320846102,479.10197364404144,-86.75871365204263,4.677790876086554e-16,1.2458398798166502e-09,1.0015260836215143e-16,0.0,2.199446516433824e-16,5.95068627973271e-11,0.0,/home/seunghyun/tairte4/artifacts/exact_binary_beam_position_fields_with_au/production/run056/fields/position_x5_y-5.npz,12656162,d4ae91a3f8da81b18b8aa2701bb53fc3d56af2e0875c0b674178d848f34e9384
56,position_x10_y-5,10.0,-5.0,-63.61840153413576,1.3627245083466253,4549221.546613989,2451552.323192709,91.57928366727758,-155.19768520141332,0.0,9.318417551146268e-10,9.497274092467634e-17,0.0,1.2548050183318715e-16,9.49307325419274e-11,0.0,/home/seunghyun/tairte4/artifacts/exact_binary_beam_position_fields_with_au/production/run056/fields/position_x10_y-5.npz,12649594,cc49605003b018c339cf084db65c9e7d1f1d8347e62852f53011614d6515db71
56,position_x-10_y0,-10.0,0.0,-226.69828101184135,2.6863823198471164,8134842.726268318,3342868.8427452026,105.38074509400165,-332.07902610584284,1.2101583434333535e-16,3.2363942267110494e-10,2.0894984632062295e-16,0.0,1.4629573026588496e-16,3.46776692147091e-11,2.552887735305737e-12,/home/seunghyun/tairte4/artifacts/exact_binary_beam_position_fields_with_au/production/run056/fields/position_x-10_y0.npz,12641310,7b79188e986044f1343dc158388b21c3b2760cf7fc4a9e6ccf685132417fc263
56,position_x-5_y0,-5.0,0.0,368.69270454529385,3.140564983401866,8247835.529787791,4359728.489851641,506.58481981815805,-137.89211527286437,2.4643035144112737e-16,4.843479306786219e-10,1.8691697308340286e-16,0.0,2.0904261882893072e-16,7.44219129568536e-11,2.768361534844961e-13,/home/seunghyun/tairte4/artifacts/exact_binary_beam_position_fields_with_au/production/run056/fields/position_x-5_y0.npz,12656764,16282aed05f772fb2e19568a0c20ee4cd9e83dae23e20ac2ea0ad68da52548ac
56,position_x0_y0,0.0,0.0,913.4366393093463,3.147736446406165,9953131.570900248,1980649.2226909297,945.0406026772463,-31.6039633679003,2.1682221370572428e-16,1.6974111298834274e-10,4.702107591520797e-16,0.0,2.103215548390659e-16,9.955486706881352e-11,3.4136358263847054e-13,/home/seunghyun/tairte4/artifacts/exact_binary_beam_position_fields_with_au/production/run056/fields/position_x0_y0.npz,12623539,e0fa15d144538c8fd1949eea8128296ea4944a540c5f1a18f343f987c8a18549
56,position_x5_y0,5.0,0.0,373.01577883127965,3.1280833070640943,8221454.991953248,4765605.911403394,509.19323349139677,-136.1774546601173,3.2811877065581953e-16,9.817270142285008e-10,1.709976166595292e-16,0.0,1.743602733486261e-16,7.967472414053706e-11,0.0,/home/seunghyun/tairte4/artifacts/exact_binary_beam_position_fields_with_au/production/run056/fields/position_x5_y0.npz,12657390,bcb72768189d4a46c22f0b1684cd3df11d1145938b0138b333baf49e25c40c7d
56,position_x10_y0,10.0,0.0,-221.96965648058753,2.670067032803693,8105524.432018296,3560194.1428082515,105.3587304691997,-327.3283869497871,2.447013422501805e-16,7.814367909080005e-10,1.307965994630926e-16,0.0,4.4066280063179577e-16,3.833381019640665e-11,0.0,/home/seunghyun/tairte4/artifacts/exact_binary_beam_position_fields_with_au/production/run056/fields/position_x10_y0.npz,12641105,8d9286f82afce55511c0eea59511bc488788c823df4b282412dad38a19ca16d2
56,position_x-10_y5,-10.0,5.0,-209.04987324380315,3.055941110522982,6889901.133220649,3836761.9655829496,92.26666169082662,-301.3165349346297,6.725332745057759e-17,9.153211492687336e-10,1.2136830261686242e-16,0.0,2.5109467089300815e-16,4.016142254178503e-11,5.734594810120034e-13,/home/seunghyun/tairte4/artifacts/exact_binary_beam_position_fields_with_au/production/run056/fields/position_x-10_y5.npz,12649570,a0fff3d8a4063eb1018874bcdff923e22b1f9c8fdac9414dcbd97d8d611f75f5
56,position_x-5_y5,-5.0,5.0,150.48761922545,2.4452585073252897,8021558.040854709,3601063.7582021127,284.2413205429176,-133.75370131746772,2.533023430172627e-16,5.926761889359337e-10,1.6164018418415477e-16,0.0,2.702994684298913e-16,8.607550286759258e-11,6.267081983642371e-13,/home/seunghyun/tairte4/artifacts/exact_binary_beam_position_fields_with_au/production/run056/fields/position_x-5_y5.npz,12661439,9e288f6e11ea0eb3b910b29d290363ce73db927cc2f6fb07ff51b94ee927ccfc
56,position_x0_y5,0.0,5.0,452.39440339631017,1.7159381900265982,6292474.048606923,1355012.6811685548,476.84433764362683,-24.449934247316786,3.1681725987232556e-16,2.524685062196575e-10,2.5774368781524376e-16,0.0,1.9331920527480376e-16,6.970094540849508e-11,0.0,/home/seunghyun/tairte4/artifacts/exact_binary_beam_position_fields_with_au/production/run056/fields/position_x0_y5.npz,12642122,3e2e993b6d680b63898587843ed71418e1308141468064d4205982a4243576eb
56,position_x5_y5,5.0,5.0,153.1619781997193,2.442892292643161,8018682.640994974,3763331.2786301468,286.0730655059933,-132.9110873062741,2.527043509787073e-16,6.119801284934711e-10,1.2373645922482809e-16,0.0,2.2595804018568685e-16,9.227843390324536e-11,0.0,/home/seunghyun/tairte4/artifacts/exact_binary_beam_position_fields_with_au/production/run056/fields/position_x5_y5.npz,12661541,8cddfdef5ae2d31c6226b16ee8dc9604e216f267e60d4cea5061334bc2c052ab
56,position_x10_y5,10.0,5.0,-206.34908518393664,3.0524281078034603,6893022.500833329,3324341.3801279585,92.12689308111744,-298.475978265054,1.3553294941469116e-16,2.365754738623317e-10,1.400762539284745e-16,0.0,1.253425154757443e-16,4.182690296711291e-11,0.0,/home/seunghyun/tairte4/artifacts/exact_binary_beam_position_fields_with_au/production/run056/fields/position_x10_y5.npz,12649566,c199caa6d206e6c488850ee2d2c1683e25c7733c9f67431dbb6d78c7cbea9a74
56,position_x-10_y10,-10.0,10.0,-59.836267147524616,2.133540203270782,3970908.5998968272,3159701.419892359,70.70485698444458,-130.5411241319692,0.0,2.0137654919440628e-09,1.4737509195524013e-16,0.0,2.1479520219580383e-16,9.034908208414158e-11,6.7649458072591995e-12,/home/seunghyun/tairte4/artifacts/exact_binary_beam_position_fields_with_au/production/run056/fields/position_x-10_y10.npz,12666806,eb3a3dedb984ced9c1338d7daa9c14e1c08fa9060f88d5aab95a80c1f6d32b84
56,position_x-5_y10,-5.0,10.0,28.72435873329755,1.615537371256399,4251135.160053703,3092277.24991474,104.43424347510692,-75.70988474180939,7.346833855673589e-17,1.6942328577904291e-09,1.5058846593415205e-16,0.0,2.693697292780709e-16,6.56983600694881e-11,6.71872834017207e-12,/home/seunghyun/tairte4/artifacts/exact_binary_beam_position_fields_with_au/production/run056/fields/position_x-5_y10.npz,12670812,79e14199a8f023ce06ad3f35c0adb270dcdb4fea6f69fc2202c6cde5655e75b1
56,position_x0_y10,0.0,10.0,89.61422050023202,0.5223438875707844,1574878.1344484992,1075635.375701283,104.72560401357819,-15.111383513346192,3.3132232561857986e-16,4.728139665370952e-10,1.0822935397697884e-16,0.0,1.2387365986382457e-16,6.501618722349293e-11,0.0,/home/seunghyun/tairte4/artifacts/exact_binary_beam_position_fields_with_au/production/run056/fields/position_x0_y10.npz,12650918,e885be7f7027f2c0c88a151eea1bcca1e6701f38efd4b550909d5bd2387dc923
56,position_x5_y10,5.0,10.0,29.53243090087004,1.6178863537964825,4269555.636779539,2540610.566277984,105.09065308674917,-75.55822218587915,1.4652612457038395e-16,1.4666078207886414e-10,1.8328715683094122e-16,0.0,2.4026231928887706e-16,7.201462256039573e-11,0.0,/home/seunghyun/tairte4/artifacts/exact_binary_beam_position_fields_with_au/production/run056/fields/position_x5_y10.npz,12671653,7725333765ca6f4e41ccb026918c092944e6478fe13760daaf278f3b8e221e35
56,position_x10_y10,10.0,10.0,-59.04872469255229,2.1338941828846876,3975706.8511572895,2542435.128374852,70.75730820743536,-129.80603289998766,3.2994289304743264e-17,8.090443235378116e-10,1.8315562199040032e-16,0.0,4.2961815363008516e-16,8.550291623376342e-11,0.0,/home/seunghyun/tairte4/artifacts/exact_binary_beam_position_fields_with_au/production/run056/fields/position_x10_y10.npz,12665855,04c778d051b6e18a0d6071387fbbaa1710a2d404aefaced3c4731e3741b0b17c
57,position_x-10_y-10,-10.0,-10.0,134.34355274107543,2.5755272046097444,3984057.3267918606,3969296.777656501,208.52307255547555,-74.17951981440012,9.363118809701253e-17,1.4007138662308145e-09,1.173158152166865e-16,0.0,2.8064999036515073e-16,7.106841266502133e-11,2.3935267159558175e-12,/home/seunghyun/tairte4/artifacts/exact_binary_beam_position_fields_with_au/production/run057/fields/position_x-10_y-10.npz,12744869,620f777b026ab1fd32bff1c72123c1e68fb52875b8f1491831cd7fbd0a0b55ee
57,position_x-5_y-10,-5.0,-10.0,115.26945941640895,3.5363896171143283,8268605.295178392,4320841.914799395,254.63590785591623,-139.3664484395073,3.3590889976619593e-17,2.4042619373072414e-09,1.3471370177672846e-16,0.0,2.218098334760708e-16,5.3830365704885126e-11,0.0,/home/seunghyun/tairte4/artifacts/exact_binary_beam_position_fields_with_au/production/run057/fields/position_x-5_y-10.npz,12800796,1f4a1230c84f2af09e550c325421b3b4c564693c5a39902d5f6a558561a87846
57,position_x0_y-10,0.0,-10.0,7.168718617261821,2.9513506137487187,8071095.336433013,4764989.561303533,168.56787058987345,-161.3991519726116,2.256172588146283e-17,1.5917240653548468e-09,1.9545112589096662e-16,0.0,1.978261902101722e-16,5.950626374916488e-11,0.0,/home/seunghyun/tairte4/artifacts/exact_binary_beam_position_fields_with_au/production/run057/fields/position_x0_y-10.npz,12797750,76da9acd0597bdc5b80ac038ab44d7403dfb9008fbdfe3c442902d656754d553
57,position_x5_y-10,5.0,-10.0,-35.871461381283595,1.4008877644765292,4924339.139401054,3088944.6083812416,72.26694897810435,-108.13841035938795,1.1004293206242295e-16,7.605496202269093e-11,1.5075093481581354e-16,0.0,1.584484834415993e-16,7.885683137349893e-11,0.0,/home/seunghyun/tairte4/artifacts/exact_binary_beam_position_fields_with_au/production/run057/fields/position_x5_y-10.npz,12789674,1d841cb4b8d90eebd38fcd5e701498472e1ca5f3755da90e6813f238db55a203
57,position_x10_y-10,10.0,-10.0,-44.37163055843431,0.7457217728784933,2730320.9982180563,1447035.044227754,21.706774222011877,-66.07840478044618,7.538225672740187e-17,5.314250090124071e-10,1.6090186936566242e-16,0.0,1.8509490343258571e-16,5.972295127953292e-11,0.0,/home/seunghyun/tairte4/artifacts/exact_binary_beam_position_fields_with_au/production/run057/fields/position_x10_y-10.npz,12767045,2c59582c44fc74857b14974fed0fa2d0e15045c5c717cde64fefcc13752600d1
57,position_x-10_y-5,-10.0,-5.0,137.5617321853618,2.3640612055540062,6394438.639953113,5023587.210053088,217.12779035109813,-79.56605816573644,2.6764740557330747e-16,1.335604626416922e-09,9.269497429563252e-17,0.0,1.7711815781601496e-16,8.222746130267809e-11,0.0,/home/seunghyun/tairte4/artifacts/exact_binary_beam_position_fields_with_au/production/run057/fields/position_x-10_y-5.npz,12754329,9c998639f78de1d129efc97868d17b72e0fc1e933e74f8f5bc87a84634679771
57,position_x-5_y-5,-5.0,-5.0,173.80653304470277,2.908542457634216,8568469.573108844,4824478.532125958,306.7451159653442,-132.93858292064147,2.4080746835748177e-16,1.910447073645822e-09,9.652054293680122e-17,0.0,1.2666881100187402e-16,4.3991188843664715e-11,0.0,/home/seunghyun/tairte4/artifacts/exact_binary_beam_position_fields_with_au/production/run057/fields/position_x-5_y-5.npz,12804308,031906d7374772c1f0b5db72e94e4437391e00cb02435e86b84da981fcb75b82
57,position_x0_y-5,0.0,-5.0,185.0114340522622,2.6862781459632807,8129466.1552027855,4490393.899599501,326.7452083474101,-141.733774295148,1.695045919822591e-16,8.755372663358568e-10,2.0740331370451558e-16,0.0,0.0,7.503904199521984e-11,0.0,/home/seunghyun/tairte4/artifacts/exact_binary_beam_position_fields_with_au/production/run057/fields/position_x0_y-5.npz,12791153,ee275b6dd300457db9a16419780f435bb5869a12f3d59c4f803544a166c4ee5f
57,position_x5_y-5,5.0,-5.0,67.7116235431993,2.3381445545240243,7987710.6067668665,5129365.833989804,208.86093710002808,-141.14931355682882,1.5125145364755236e-16,2.14973766694993e-10,1.8156680664967553e-16,0.0,2.3036666450695197e-16,8.250368929747447e-11,0.0,/home/seunghyun/tairte4/artifacts/exact_binary_beam_position_fields_with_au/production/run057/fields/position_x5_y-5.npz,12783734,02725908c722cf2d29826c9f7f734702270b31b125eac43ba1c3eaa1615ff456
57,position_x10_y-5,10.0,-5.0,-70.39190218546018,1.7832336979873917,5962727.236003284,2849280.233291222,93.0303873696676,-163.4222895551277,1.0321506454564771e-16,3.5187894017786034e-10,1.6343119987529305e-16,0.0,2.0951392507895688e-16,5.541520507483664e-11,0.0,/home/seunghyun/tairte4/artifacts/exact_binary_beam_position_fields_with_au/production/run057/fields/position_x10_y-5.npz,12759064,7d6082ebff2bab456cfa70d8b902bc830a2a0eeb47bccbb76122fb4bb8aa412c
57,position_x-10_y0,-10.0,0.0,115.17525452965948,1.573094033084912,5637925.106846033,2967934.7763128625,171.32981627785992,-56.154561748200464,5.817933484352172e-17,2.0227348975450823e-10,1.5689741264672995e-16,0.0,2.773350664608497e-16,7.832577449515393e-11,0.0,/home/seunghyun/tairte4/artifacts/exact_binary_beam_position_fields_with_au/production/run057/fields/position_x-10_y0.npz,12720384,bf6f2da68335e1f8862f6503eb014ca26a5793859ad61561edbe0fd040069941
57,position_x-5_y0,-5.0,0.0,198.61783118384227,2.0588376830123463,6781109.614642794,3211200.77955597,281.4814060383582,-82.86357485451607,2.9060128164059545e-16,1.9094029860515734e-10,2.5377025876943934e-16,0.0,3.4225641299467635e-16,7.140177253294463e-11,0.0,/home/seunghyun/tairte4/artifacts/exact_binary_beam_position_fields_with_au/production/run057/fields/position_x-5_y0.npz,12760559,005289ff48a86004d1fb7be630e2683efefa228b4cf05d900b40b5c5275f0a3c
57,position_x0_y0,0.0,0.0,317.37555050761966,2.8884318922220436,8698499.383403245,3196278.8616087283,416.19965104144666,-98.82410053382713,0.0,4.680062651701128e-11,2.913771341423983e-16,0.0,1.4350557095670151e-16,3.437691538800751e-11,2.2218312893400784e-13,/home/seunghyun/tairte4/artifacts/exact_binary_beam_position_fields_with_au/production/run057/fields/position_x0_y0.npz,12720076,9fe5ccdb4dac4effb4aca7d32f3a48bfa56ba4f19e61609212b0fe00a96f9521
57,position_x5_y0,5.0,0.0,152.52961931238852,3.183967150862077,8695318.866808042,4598737.48815431,304.93612358864095,-152.4065042762525,1.1575470113193336e-16,9.240176895207146e-12,2.0251701190042539e-16,0.0,1.701071169421893e-16,9.298602883062085e-11,0.0,/home/seunghyun/tairte4/artifacts/exact_binary_beam_position_fields_with_au/production/run057/fields/position_x5_y0.npz,12719290,51d44c0e17e6ccdf16023621d488865cb15bf8f47764c1446edd941348f39eed
57,position_x10_y0,10.0,0.0,-83.07998450108788,2.3444002594885323,5940604.406699893,3255916.3667136454,144.40569428767392,-227.4856787887617,0.0,7.816666669302604e-12,1.4302003947900966e-16,0.0,1.7185481571635087e-16,5.7898626517330804e-11,0.0,/home/seunghyun/tairte4/artifacts/exact_binary_beam_position_fields_with_au/production/run057/fields/position_x10_y0.npz,12723572,764b375b0fc0506c855e5c11703e3a8b15379d20fccd18b45bb5bf1c066a8924
57,position_x-10_y5,-10.0,5.0,137.32645115781452,2.3606357900033736,6377663.383298848,5101514.710729447,217.208339531159,-79.88188837334447,8.909676965277136e-17,1.0050551300036213e-09,1.8255804940770463e-16,0.0,1.7711401576522683e-16,8.203404748162807e-11,0.0,/home/seunghyun/tairte4/artifacts/exact_binary_beam_position_fields_with_au/production/run057/fields/position_x-10_y5.npz,12753809,dcdb14d6698a51a30fa51266084182dda81f05eb2de3c8657317bb1d6e3d23ed
57,position_x-5_y5,-5.0,5.0,172.68355502692023,2.893007130089607,8528795.555638244,4974874.527794533,305.6147462176309,-132.9311911907108,2.4143221809896893e-16,1.527485691995632e-09,1.8720523892857926e-16,0.0,1.396827417136808e-16,3.7599009883168657e-11,0.0,/home/seunghyun/tairte4/artifacts/exact_binary_beam_position_fields_with_au/production/run057/fields/position_x-5_y5.npz,12803980,9e6fe2eaa1db8a9211de0688fb39efbdda7de30b754f48ecba46210aa45322a4
57,position_x0_y5,0.0,5.0,183.85470683424828,2.6892733868157475,8153489.184028696,3537402.854199099,326.23500034106377,-142.38029350681558,1.6945528634596442e-16,7.0587672744225e-10,2.632786292660859e-16,0.0,2.288818932296857e-16,4.5451655546313996e-11,0.0,/home/seunghyun/tairte4/artifacts/exact_binary_beam_position_fields_with_au/production/run057/fields/position_x0_y5.npz,12788544,10bff18e642bee673da691978306679e0944343c4734ea7a59c66f8072f73cbd
57,position_x5_y5,5.0,5.0,67.59826637253278,2.3557828470471236,8006924.6846866505,3926812.492682546,209.9756636856489,-142.3773973131161,0.0,2.2274548597250273e-10,1.7787758704119944e-16,0.0,2.0381779611183683e-16,3.731833594994902e-11,0.0,/home/seunghyun/tairte4/artifacts/exact_binary_beam_position_fields_with_au/production/run057/fields/position_x5_y5.npz,12782929,87f3d550ee9498aa4a58b2b4a58361a8c95f1be8efb74979486773a276c5ddc1
57,position_x10_y5,10.0,5.0,-70.22435542897783,1.7835962478865912,5964256.93319638,3513825.2166898986,92.98111782169066,-163.2054732506685,0.0,3.63348718450389e-10,1.3252260957544226e-16,0.0,2.3296148338634136e-16,9.673203628260581e-11,0.0,/home/seunghyun/tairte4/artifacts/exact_binary_beam_position_fields_with_au/production/run057/fields/position_x10_y5.npz,12758275,6b564efd08eeca4e9b95b74209ef8cfd94026f8ea77e8d60d9576380cde27afb
57,position_x-10_y10,-10.0,10.0,134.15921980371184,2.5749336481632272,4020677.5667689415,4196703.205970224,208.76979971227564,-74.61057990856385,9.34072416626487e-17,1.2934336139275955e-09,1.1095883231515876e-16,0.0,1.8923805096889287e-16,7.804356415905609e-11,0.0,/home/seunghyun/tairte4/artifacts/exact_binary_beam_position_fields_with_au/production/run057/fields/position_x-10_y10.npz,12749045,3060a3ccca4f6e78d93680cc403e70b0065451786f70b6d8ff19f3b48e1b9362
57,position_x-5_y10,-5.0,10.0,113.33436914882815,3.5333905038745197,8274985.878083535,4619846.908746506,253.42855081868598,-140.0941816698579,2.0179098244953964e-16,2.1458529417939073e-09,1.0079582646475319e-16,0.0,2.429367602366355e-16,5.5690830430814066e-11,0.0,/home/seunghyun/tairte4/artifacts/exact_binary_beam_position_fields_with_au/production/run057/fields/position_x-5_y10.npz,12802863,1495d1077701fd21decf1731dece471716d1346da086894abb75791dad1941bf
57,position_x0_y10,0.0,10.0,4.989593044732259,2.941116050123346,7996894.787349058,4344594.244213516,167.44178953558955,-162.45219649085735,1.4041515233701774e-16,1.3936726013222631e-09,1.8756809197404418e-16,0.0,1.9200466476814886e-16,5.724256105126401e-11,0.0,/home/seunghyun/tairte4/artifacts/exact_binary_beam_position_fields_with_au/production/run057/fields/position_x0_y10.npz,12797015,08cee8cde626ef31d5d192e087fe57103f912b7205b1d01b13751f7ddf1da34e
57,position_x5_y10,5.0,10.0,-36.1482199234965,1.3905408456084503,4848567.837093942,2541282.8739814656,71.98335352348948,-108.13157344698598,7.348024965758619e-17,1.1898851549714526e-10,1.8323866739721928e-16,0.0,1.264700335244035e-16,3.1547108345164e-11,0.0,/home/seunghyun/tairte4/artifacts/exact_binary_beam_position_fields_with_au/production/run057/fields/position_x5_y10.npz,12789224,fe6a69d190d2c9d380755e6d1bc031d2d584eda80f22f36987d91fbcfcb757bf
57,position_x10_y10,10.0,10.0,-44.185171848394305,0.7416881599874884,2700448.539599948,1763770.5109216908,21.555728293637245,-65.74090014203155,0.0,5.606550715642473e-10,1.3200733440780777e-16,0.0,1.8074420303570046e-16,4.1506759616822124e-11,0.0,/home/seunghyun/tairte4/artifacts/exact_binary_beam_position_fields_with_au/production/run057/fields/position_x10_y10.npz,12766603,45a7356125c30e7bea7de5faf448bc05cfc82c51cd103fe0751bd79cdc16cb05
58,position_x-10_y-10,-10.0,-10.0,178.22275439272076,2.9037033435968342,3512840.6482173367,4227079.980490737,243.2452013078495,-65.02244691512878,2.575986784952917e-16,2.0290893345867028e-10,1.1016145647986512e-16,0.0,1.636583542873489e-16,4.49529312416076e-11,2.119094257322492e-12,/home/seunghyun/tairte4/artifacts/exact_binary_beam_position_fields_with_au/production/run058/fields/position_x-10_y-10.npz,12678245,06aa9857fe4f95e66b19af6f969cf398e1e16c7fdde5090827216b8af35f983f
58,position_x-5_y-10,-5.0,-10.0,150.52348448599415,3.4740570437746916,7225291.642744135,5613158.713157131,267.7364994507904,-117.21301496479637,2.0628507331837105e-16,3.9709546557669116e-10,8.295886703082857e-17,0.0,3.5311397004776854e-16,4.3494483249869245e-11,0.0,/home/seunghyun/tairte4/artifacts/exact_binary_beam_position_fields_with_au/production/run058/fields/position_x-5_y-10.npz,12727952,4bd5f0f3ba6def0bf9c2b63030cabb47c12dbc6a0275ed2e5a16992c0957654f
58,position_x0_y-10,0.0,-10.0,36.08731020026349,2.8234687309845685,7556094.9555640975,4955903.2290035905,175.66391604331298,-139.57660584304952,8.396693243401836e-17,3.145315222872583e-10,9.396093220354564e-17,0.0,2.826541139453978e-16,7.401255760990369e-11,0.0,/home/seunghyun/tairte4/artifacts/exact_binary_beam_position_fields_with_au/production/run058/fields/position_x0_y-10.npz,12744671,8c0e5a62ae4dfce04d98e888cb17dd3a5135abcf27ef118e57e0384b38c407ab
58,position_x5_y-10,5.0,-10.0,-26.63622871279628,1.2271749957940319,3609451.2851244216,2378447.9921403867,66.55097781241253,-93.18720652520881,2.0713409658011524e-17,1.6060334813049055e-10,1.9578367441563709e-16,0.0,2.0289711915327361e-16,6.2191720429095e-11,0.0,/home/seunghyun/tairte4/artifacts/exact_binary_beam_position_fields_with_au/production/run058/fields/position_x5_y-10.npz,12735597,7308dfa54d4f39eb3b90551fe63dc4cb54d75667e8a47629158ecb19edc887be
58,position_x10_y-10,10.0,-10.0,-65.87257181132513,0.7460185373953746,2862835.767025465,1410514.603406792,13.371983242951694,-79.2445550542768,1.4289985400204154e-16,2.0156710326287171e-10,1.6506787174802567e-16,0.0,1.4189334623219732e-16,9.441298869522844e-11,0.0,/home/seunghyun/tairte4/artifacts/exact_binary_beam_position_fields_with_au/production/run058/fields/position_x10_y-10.npz,12686388,7daec84b90c024745ad5b6bedc4ac3b751f44d97456b3b31e837ac1db8fa3bd3
58,position_x-10_y-5,-10.0,-5.0,202.74957468810987,2.7738820375044657,6007484.627020125,4892474.777139653,274.5568720532952,-71.8072973651854,2.292654547334182e-16,1.583640429516532e-10,1.9035817598225184e-16,0.0,1.3655000153099156e-16,3.826349752733039e-11,0.0,/home/seunghyun/tairte4/artifacts/exact_binary_beam_position_fields_with_au/production/run058/fields/position_x-10_y-5.npz,12667094,b9bb60e6561288ce045554c99349163bba1b66735a7f45cea3a23a543ad9d809
58,position_x-5_y-5,-5.0,-5.0,214.0804426993252,2.8139548231011156,7449809.153123246,6039309.741546856,327.6405705307458,-113.56012783142064,1.7998461720454097e-16,2.2679369655990515e-10,7.710505127833845e-17,0.0,2.126674452019861e-16,3.9091304946715004e-11,0.0,/home/seunghyun/tairte4/artifacts/exact_binary_beam_position_fields_with_au/production/run058/fields/position_x-5_y-5.npz,12733700,e97ae64808a9f0c58daf8439c25ab879ad42999a42b17432195ee09eac930635
58,position_x0_y-5,0.0,-5.0,210.304630867534,2.61401863596015,6588188.571921047,4042755.779911445,336.22687720268624,-125.92224633515228,1.1455081597500712e-16,1.2079268993748526e-11,1.1518412505193163e-16,0.0,1.2488310141515043e-16,7.435238063025508e-11,0.0,/home/seunghyun/tairte4/artifacts/exact_binary_beam_position_fields_with_au/production/run058/fields/position_x0_y-5.npz,12719866,694791dda2ab221b6e76f1f0cb65c364c0866f2e8a646d5cb6fea435f3a63d0f
58,position_x5_y-5,5.0,-5.0,58.37959120753392,2.166051580166199,7551014.1776628345,3821702.367325453,186.95180501163992,-128.57221380410607,1.887558491659458e-16,3.3101052040902155e-10,2.132314802313717e-16,0.0,1.9676508295054907e-16,5.5562796940529164e-11,0.0,/home/seunghyun/tairte4/artifacts/exact_binary_beam_position_fields_with_au/production/run058/fields/position_x5_y-5.npz,12716082,b9529425228e3036a4fcfd9a9626b05e42eeff39294c355556bdf5c83a92264c
58,position_x10_y-5,10.0,-5.0,-125.76885538483002,1.9693799158102878,6464607.974971697,3015597.535392809,71.67574091633428,-197.44459630116427,9.835666778428732e-17,2.111786506996098e-10,1.5441758452262518e-16,0.0,2.242488136024182e-16,4.670141227114066e-11,0.0,/home/seunghyun/tairte4/artifacts/exact_binary_beam_position_fields_with_au/production/run058/fields/position_x10_y-5.npz,12683124,fd8474d5bbdfcc24e00d7e618ad19b25a0b95ddee8e826bdca7a481bb8b03b53
58,position_x-10_y0,-10.0,0.0,184.96482380562236,2.3258645580176163,6644633.139404489,3247966.150459863,242.03667028662758,-57.071846481005316,1.7699114614152123e-16,2.8329415240787255e-10,1.433701170936799e-16,0.0,1.40957484240351e-16,5.7643024120823204e-11,0.0,/home/seunghyun/tairte4/artifacts/exact_binary_beam_position_fields_with_au/production/run058/fields/position_x-10_y0.npz,12630581,564284d13bb66f49067a6e6cc002f5c8b7729b0dc50c0760d00e2ef1af07c2e1
58,position_x-5_y0,-5.0,0.0,232.76019379045462,1.8177125475623859,5710960.29553173,2959255.5063890433,308.78978227710405,-76.02958848664946,1.3756989181268162e-16,2.441547793225011e-10,1.573575807504201e-16,0.0,0.0,3.63900653345301e-11,0.0,/home/seunghyun/tairte4/artifacts/exact_binary_beam_position_fields_with_au/production/run058/fields/position_x-5_y0.npz,12687738,906492f3b0ef96e3d699de14e2039a5d46310a263b78afd6eb1ce28a3c999088
58,position_x0_y0,0.0,0.0,331.95581971496716,2.8934407617588294,6279501.8872397,2276874.948965244,427.59829269665653,-95.6424729816896,4.047051581293459e-16,1.415314643752042e-10,3.5790602077592754e-16,0.0,0.0,5.698227044693032e-11,5.361641142328207e-13,/home/seunghyun/tairte4/artifacts/exact_binary_beam_position_fields_with_au/production/run058/fields/position_x0_y0.npz,12647122,a4afc008d1589be766bae038e7ccfd478c2c21584e3f6843b28ce5d145c5e822
58,position_x5_y0,5.0,0.0,126.84370941195357,3.034120001150254,8585680.688843213,3290052.139689542,274.18607407899174,-147.3423646670381,6.279476582989194e-17,4.8786195494730496e-11,2.1230421321758155e-16,0.0,1.7924978209271478e-16,9.478142469450162e-11,0.0,/home/seunghyun/tairte4/artifacts/exact_binary_beam_position_fields_with_au/production/run058/fields/position_x5_y0.npz,12644409,05d504e995ec3dbf03fb512030631a4a9c31f4f75561fb3bd06735ad4f36bcb8
58,position_x10_y0,10.0,0.0,-158.83568447813104,2.5795732667835836,6471908.354137517,3849298.6597351353,120.35451228367181,-279.19019676180284,6.624985640514188e-17,1.896104677741927e-10,1.2097302092422746e-16,0.0,1.2598504113791138e-16,8.143379783883723e-11,0.0,/home/seunghyun/tairte4/artifacts/exact_binary_beam_position_fields_with_au/production/run058/fields/position_x10_y0.npz,12635387,ea6039f92aa8c0406641d28c3e371e7df93c8e17abf159492382c7489f5e962f
58,position_x-10_y5,-10.0,5.0,201.72460211068204,2.772424935345807,6009758.302762821,4911070.877351302,273.54655707393573,-71.8219549632537,0.0,6.09147078425195e-11,1.8963737194478664e-16,0.0,1.1114308587771845e-16,4.213734384173316e-11,0.0,/home/seunghyun/tairte4/artifacts/exact_binary_beam_position_fields_with_au/production/run058/fields/position_x-10_y5.npz,12670025,698dfcbf2084361c5f04eea8b02e35bba7f8f4f380c15af62a9e6bbf4fef4b63
58,position_x-5_y5,-5.0,5.0,209.79447821155856,2.8101237645284565,7434830.399955034,6033720.532224558,323.4404609363439,-113.64598272478543,2.4223839458373833e-16,6.056698691696938e-11,1.5435295182160375e-16,0.0,1.948230508475627e-16,4.302824946819333e-11,0.0,/home/seunghyun/tairte4/artifacts/exact_binary_beam_position_fields_with_au/production/run058/fields/position_x-5_y5.npz,12735132,7f25e70889c1bcdc30357f5cbc97b1f71fb3fa593a6c58c5593cc1ced5dc5dd7
58,position_x0_y5,0.0,5.0,203.425843937224,2.6234543537861224,6516351.67940528,3639620.3938913755,333.2082320044319,-129.78238806720807,1.7151392568774586e-16,2.3732667753956207e-10,1.9191340177506858e-16,0.0,1.975370241698393e-16,9.783634241743613e-11,0.0,/home/seunghyun/tairte4/artifacts/exact_binary_beam_position_fields_with_au/production/run058/fields/position_x0_y5.npz,12722295,cdf53b9b6042e3f6077b1edbf075807054fdb27be2b3406e8316aeac77e18252
58,position_x5_y5,5.0,5.0,55.1819316918095,2.152992880946904,7376022.5273510255,3497921.3221839652,186.449024594409,-131.26709290259953,8.331267488167677e-17,2.227945468868928e-10,1.3312514617023992e-16,0.0,1.9703532243057669e-16,5.7309079839707305e-11,0.0,/home/seunghyun/tairte4/artifacts/exact_binary_beam_position_fields_with_au/production/run058/fields/position_x5_y5.npz,12718408,1f5f264ee5f8ef54747966b4b4e7f95ec7ed5cc3eaca93709f48426e01d6a6d8
58,position_x10_y5,10.0,5.0,-125.78091983115873,1.9715421450211716,6459301.7658393495,3786597.4199533775,72.16109803303728,-197.942017864196,9.799879395603828e-17,1.5697035220943595e-10,1.2297618037078595e-16,0.0,1.9203418104512017e-16,5.371150131852495e-11,0.0,/home/seunghyun/tairte4/artifacts/exact_binary_beam_position_fields_with_au/production/run058/fields/position_x10_y5.npz,12682965,0e4a8b4b119fda23c8d944e911ccffe560e6c0097578d7ef96ffc00b38c991e2
58,position_x-10_y10,-10.0,10.0,176.81882317537656,2.9031680397005744,3521161.7438716297,4214947.964008267,241.92903134599007,-65.11020817061355,1.7241952294677627e-16,1.6229668654480957e-10,2.2095707528731234e-16,0.0,1.6365962697453292e-16,5.008054066830151e-11,0.0,/home/seunghyun/tairte4/artifacts/exact_binary_beam_position_fields_with_au/production/run058/fields/position_x-10_y10.npz,12681878,83586444ae62b0d14b021295d2eb714628e41c2946901cbff2427e150f7099b7
58,position_x-5_y10,-5.0,10.0,144.13879592673226,3.4740288854192647,7217007.829826243,5633619.602306853,261.8085623581253,-117.66976643139301,6.975307308359797e-17,1.8161991280678362e-10,8.265756657000064e-17,0.0,2.5280011041329618e-16,4.7616891265034156e-11,0.0,/home/seunghyun/tairte4/artifacts/exact_binary_beam_position_fields_with_au/production/run058/fields/position_x-5_y10.npz,12732681,0055257c13fa24e857716f82629373d8af311d8efd0ad938a444bea30fb9507b
58,position_x0_y10,0.0,10.0,25.55547473041401,2.888730410641659,7316302.134889115,4468579.127150619,168.43767040023346,-142.8821956698195,3.18841437134717e-17,6.030393704785195e-11,2.0841581811920035e-16,0.0,1.1701268670391316e-16,7.317222355661364e-11,0.0,/home/seunghyun/tairte4/artifacts/exact_binary_beam_position_fields_with_au/production/run058/fields/position_x0_y10.npz,12743702,83bce09c2b95e341f66d0dfdbb5c1fca0d1afc0f4080d4f08fa137f5ceffb003
58,position_x5_y10,5.0,10.0,-31.884460790912684,1.3047337093248461,4015442.677875648,2231147.334567289,66.47161208422958,-98.35607287514227,0.0,1.0920503200907795e-10,1.5653200488821038e-16,0.0,2.0317502978705564e-16,6.331490131091893e-11,0.0,/home/seunghyun/tairte4/artifacts/exact_binary_beam_position_fields_with_au/production/run058/fields/position_x5_y10.npz,12737781,b21bae649db6967b17cc6604366c48ea229a3dda31db42c5e8931d791016fcf8
58,position_x10_y10,10.0,10.0,-66.48536880946449,0.7494834904219205,2859504.9151008595,1780654.0300559427,13.58632324643186,-80.07169205589634,1.41310807816354e-16,2.575036195433511e-11,1.3075568848517687e-16,0.0,2.614730701358779e-16,4.827559589235058e-11,0.0,/home/seunghyun/tairte4/artifacts/exact_binary_beam_position_fields_with_au/production/run058/fields/position_x10_y10.npz,12686862,ffe0a994627ebceeae4bba566a6f6d3540c208a5343b933b2d3a5972d3e07b1f
