SiO2_source_power_W,Ta_only_actual_current_A,Ta_only_uniform45_current_A,Ta_plus_planar_SiO2_Tmax_rise_K,Ta_plus_planar_SiO2_actual_current_A,Ta_plus_planar_SiO2_uniform45_current_A,Ta_plus_planar_SiO2_volume_average_rise_K,actual_digitized_current_A,current_A,current_per_mapped_TaIrTe4_W_A_W,energy_balance_relative_error,flake_volume_average_temperature_rise_K,kind,linear_residual_relative,mapped_TaIrTe4_power_W,maximum_temperature_rise_K,negative_A,planar_SiO2_actual_current_A,planar_SiO2_uniform45_current_A,polarization,positive_A,scan_distance_um,uniform45_current_A,weighting_control,x_component_A,y_component_A
,,,,,,,,1.194840872255497e-08,0.0007334124330587648,,,weighting,,1.6291527364382168e-05,,-1.4529792346079833e-09,,,a,1.3401387957162953e-08,-1.0,,actual_digitized,6.465702287588598e-09,5.482706434966371e-09
,,,,,,,,2.1695707813540663e-08,0.0013317172373275169,,,weighting,,1.6291527364382168e-05,,-1.1368667706138551e-10,,,a,2.1809394490602046e-08,-1.0,,uniform_45deg,1.8434903751247e-08,3.2608040622936672e-09
,,,,,,,,3.2814128677219656e-08,0.0020141836884465794,,,weighting,,1.6291527364382168e-05,,-3.771926201544231e-11,,,a,3.28518479392351e-08,-1.0,,uniform_x_equals_b,3.2814128677219656e-08,0.0
,,,,,,,,7.4096568904885865e-09,0.00045481658808051156,,,weighting,,1.6291527364382168e-05,,-5.3778695270538055e-09,,,a,1.2787526417542393e-08,-1.0,,uniform_y_equals_a,0.0,7.4096568904885865e-09
,,,,,,,,1.3722019660897156e-08,0.0009574043369472358,,,weighting,,1.4332522980469223e-05,,-1.2491624588265604e-09,,,a,1.4971182119723717e-08,1.0,,actual_digitized,6.964066936292939e-09,6.757952724604217e-09
,,,,,,,,2.0690758404254725e-08,0.001443622901037717,,,weighting,,1.4332522980469223e-05,,-1.1379996058186394e-10,,,a,2.0804558364836587e-08,1.0,,uniform_45deg,1.6538987830676684e-08,4.15177057357804e-09
,,,,,,,,2.9439398338604502e-08,0.0020540276390082373,,,weighting,,1.4332522980469223e-05,,-9.816417140363902e-11,,,a,2.9537562510008138e-08,1.0,,uniform_x_equals_b,2.9439398338604502e-08,0.0
,,,,,,,,9.434236111875201e-09,0.0006582397338368921,,,weighting,,1.4332522980469223e-05,,-4.151998474691553e-09,,,a,1.3586234586566756e-08,1.0,,uniform_y_equals_a,0.0,9.434236111875201e-09
,,,,,,,,1.1155378828929697e-08,0.0006847088850758808,,,weighting,,1.6292148491243013e-05,,-2.1722208248754593e-09,,,b,1.3327599653805154e-08,1.0,,actual_digitized,5.703369873882102e-09,5.452008955047594e-09
,,,,,,,,1.2121080834932035e-08,0.0007439829585058769,,,weighting,,1.6292148491243013e-05,,-2.5110994381809998e-09,,,b,1.4632180273113035e-08,1.0,,uniform_45deg,8.424597927650306e-09,3.6964829072817302e-09
,,,,,,,,1.4995784311217548e-08,0.0009204301273879098,,,weighting,,1.6292148491243013e-05,,-5.317727517404287e-09,,,b,2.0313511828621835e-08,1.0,,uniform_x_equals_b,1.4995784311217548e-08,0.0
,,,,,,,,8.399667542504016e-09,0.0005155653686202783,,,weighting,,1.6292148491243013e-05,,-3.835506858566005e-09,,,b,1.2235174401070022e-08,1.0,,uniform_y_equals_a,0.0,8.399667542504016e-09
,,,,,,,,1.3699611729926189e-08,0.001155483672489901,,,weighting,,1.1856170758696658e-05,,-1.225386245381734e-09,,,a,1.492499797530792e-08,3.0,,actual_digitized,6.660130454875614e-09,7.039481275050573e-09
,,,,,,,,1.8333506004932046e-08,0.001546326075936801,,,weighting,,1.1856170758696658e-05,,-1.1372899396364275e-10,,,a,1.8447234998895693e-08,3.0,,uniform_45deg,1.3974532916524249e-08,4.358973088407797e-09
,,,,,,,,2.4874668591413163e-08,0.002098035621928544,,,weighting,,1.1856170758696658e-05,,-1.8346942111545695e-10,,,a,2.5058138012528623e-08,3.0,,uniform_x_equals_b,2.4874668591413163e-08,0.0
,,,,,,,,9.90507076259474e-09,0.0008354359062625038,,,weighting,,1.1856170758696658e-05,,-3.0729453696218677e-09,,,a,1.2978016132216606e-08,3.0,,uniform_y_equals_a,0.0,9.90507076259474e-09
,,,,,,,,1.146279724376321e-08,0.0008655820203458484,,,weighting,,1.3242878172519318e-05,,-1.8277198784130077e-09,,,b,1.3290517122176217e-08,3.0,,actual_digitized,5.620713388501213e-09,5.842083855261995e-09
,,,,,,,,1.1445654995519093e-08,0.0008642875699989678,,,weighting,,1.3242878172519318e-05,,-1.7263331399748582e-09,,,b,1.3171988135493951e-08,3.0,,uniform_45deg,7.32277142547179e-09,4.122883570047303e-09
,,,,,,,,1.3034533137339787e-08,0.0009842673901801896,,,weighting,,1.3242878172519318e-05,,-4.134261915232915e-09,,,b,1.71687950525727e-08,3.0,,uniform_x_equals_b,1.3034533137339787e-08,0.0
,,,,,,,,9.368595005979825e-09,0.0007074440226612421,,,weighting,,1.3242878172519318e-05,,-2.173532474336421e-09,,,b,1.1542127480316249e-08,3.0,,uniform_y_equals_a,0.0,9.368595005979825e-09
,,,,,,,,1.2291305281839892e-08,0.0013396140635119687,,,weighting,,9.175258469306206e-06,,-9.65683987654676e-10,,,a,1.3256989269494569e-08,5.0,,actual_digitized,5.608213320120845e-09,6.683091961719047e-09
,,,,,,,,1.5158877086327504e-08,0.001652147145177236,,,weighting,,9.175258469306206e-06,,-1.0077884855679569e-10,,,a,1.52596559348843e-08,5.0,,uniform_45deg,1.1121637437885395e-08,4.037239648442109e-09
,,,,,,,,1.9796514639436007e-08,0.002157597489559652,,,weighting,,9.175258469306206e-06,,-2.2270482614721165e-10,,,a,2.0019219465583216e-08,5.0,,uniform_x_equals_b,1.9796514639436007e-08,0.0
,,,,,,,,9.17398286071526e-09,0.0009998609730074402,,,weighting,,9.175258469306206e-06,,-2.1413217174994545e-09,,,a,1.1315304578214716e-08,5.0,,uniform_y_equals_a,0.0,9.17398286071526e-09
,,,,,,,,1.0382507995174956e-08,0.0010344260774494385,,,weighting,,1.0036974339215109e-05,,-1.5794711821562975e-09,,,b,1.196197917733125e-08,5.0,,actual_digitized,4.872238095508394e-09,5.5102698996665596e-09
,,,,,,,,9.84838631803417e-09,0.000981210670187318,,,weighting,,1.0036974339215109e-05,,-1.1327441872105859e-09,,,b,1.0981130505244755e-08,5.0,,uniform_45deg,5.911036552193041e-09,3.937349765841129e-09
,,,,,,,,1.0521645062903614e-08,0.0010482885287247238,,,weighting,,1.0036974339215109e-05,,-3.0257603388979745e-09,,,b,1.3547405401801588e-08,5.0,,uniform_x_equals_b,1.0521645062903614e-08,0.0
,,,,,,,,8.946999042379413e-09,0.0008914039968621727,,,weighting,,1.0036974339215109e-05,,-1.5236526412754606e-09,,,b,1.0470651683654874e-08,5.0,,uniform_y_equals_a,0.0,8.946999042379413e-09
,1.194840872255497e-08,2.1695707813540663e-08,0.3041926966387974,1.232587039585626e-08,2.232911702331543e-08,0.011266948874931074,,,,,,combined,,,,,3.774616733012889e-10,6.334092097747685e-10,a,,-1.0,,,,
,1.3722019660897156e-08,2.0690758404254725e-08,0.2700966105283494,1.4179086790331458e-08,2.1320947193697042e-08,0.0099319519161952,,,,,,combined,,,,,4.570671294343023e-10,6.301887894423171e-10,a,,1.0,,,,
,1.1155378828929697e-08,1.2121080834932035e-08,0.15630674011959206,1.1612445958364e-08,1.2751269624374352e-08,0.011303090706374353,,,,,,combined,,,,,4.570671294343023e-10,6.301887894423171e-10,b,,1.0,,,,
,1.3699611729926189e-08,1.8333506004932046e-08,0.2840811666425128,1.418060555858107e-08,1.8920811086768716e-08,0.008235671328956728,,,,,,combined,,,,,4.809938286548812e-10,5.873050818366679e-10,a,,3.0,,,,
,1.146279724376321e-08,1.1445654995519093e-08,0.15778801656908695,1.194379107241809e-08,1.203296007735576e-08,0.009212531289728862,,,,,,combined,,,,,4.809938286548812e-10,5.873050818366679e-10,b,,3.0,,,,
,1.2291305281839892e-08,1.5158877086327504e-08,0.2503100826950017,1.2747202238254185e-08,1.5673011834022343e-08,0.006396525066194969,,,,,,combined,,,,,4.558969564142925e-10,5.141347476948382e-10,a,,5.0,,,,
,1.0382507995174956e-08,9.84838631803417e-09,0.15263901288949305,1.0838404951589249e-08,1.0362521065729007e-08,0.00701127834544961,,,,,,combined,,,,,4.558969564142925e-10,5.141347476948382e-10,b,,5.0,,,,
6.525632966171028e-06,,,,,,,3.774616733012889e-10,,,5.44553661236796e-12,0.0006005242639738436,planar_SiO2,1.0279837076435732e-10,,0.007580702928629482,,,,polarization-independent planar control,,-1.0,6.334092097747685e-10,,,
6.5256329748022785e-06,,,,,,,4.570671294343023e-10,,,1.3294985634416204e-11,0.0005467547820442567,planar_SiO2,1.0286747604203143e-10,,0.00758253636438384,,,,polarization-independent planar control,,1.0,6.301887894423171e-10,,,
6.525632975264246e-06,,,,,,,4.809938286548812e-10,,,2.1289941456295977e-11,0.00047787909448620815,planar_SiO2,1.0196019724930489e-10,,0.007583388271540076,,,,polarization-independent planar control,,3.0,5.873050818366679e-10,,,
6.5256329748022785e-06,,,,,,,4.558969564142925e-10,,,1.9544508932604525e-11,0.0004023918124826805,planar_SiO2,1.0330249032524416e-10,,0.007583332001530314,,,,polarization-independent planar control,,5.0,5.141347476948382e-10,,,
