run,contact_axis,interface_scenario,polarization,id,kind,target_waist_um,beam_x_um,beam_y_um,terminal_current_nA,Tmax_flake_K,Au_absorbed_W,TaIrTe4_absorbed_W,SiO2_absorbed_W,Si_absorbed_W,optical_closure,Maxwell_wall_s,passed
44,y,thermally_grown,Ea,position_x-10_y-10,position,8.5,-10.0,-10.0,0.9663394681279059,0.3780550547701028,3.5046991437261085e-07,1.5649697344008715e-05,1.1117313163942836e-05,6.393087727660674e-07,0.008702368679526104,131.4375540316105,True
44,y,thermally_grown,Ea,waist_4.25,waist,4.25,0.0,0.0,176.0090351766761,1.0391131253243877,6.972057617580833e-09,5.022422095914506e-05,1.1746899231230818e-05,6.709983796001899e-07,0.0011949679266944995,155.11289681866765,True
44,y,thermally_grown,Ea,waist_6.375,waist,6.375,0.0,0.0,132.55926185902888,0.6383322954623236,4.348986673482693e-09,4.964122167528394e-05,9.98848214253387e-06,5.602203746398629e-07,0.0008805115862981644,133.35183804109693,True
44,y,thermally_grown,Ea,waist_8.5,waist,8.5,0.0,0.0,92.02437418749186,0.39902208370395253,3.3487047443143715e-08,4.830650072346272e-05,9.233863714857178e-06,5.126084371255386e-07,0.0006597681874072696,136.5487906448543,True
44,y,thermally_grown,Ea,waist_10.625,waist,10.625,0.0,0.0,64.39249784938822,0.2723856484582672,8.974835068448607e-08,4.541178805689138e-05,9.113595888367015e-06,5.063531301507555e-07,0.00031595676405507875,138.56362096965313,True
44,y,thermally_grown,Ea,waist_12.75,waist,12.75,0.0,0.0,46.74494630881739,0.2006335866533129,1.462891996991644e-07,4.168997398611342e-05,9.241906575651397e-06,5.176242736396212e-07,0.00014953048726718384,139.9393957145512,True
44,y,thermally_grown,Ea,position_x-10_y-5,position,8.5,-10.0,-5.0,-2.350993310292395,0.3449961641593351,1.3260972628456536e-07,2.8215280153096976e-05,9.588006672341362e-06,5.878678581145208e-07,0.0008646387162247619,131.98607468232512,True
44,y,thermally_grown,Ea,position_x-10_y0,position,8.5,-10.0,0.0,-8.214797369447563,0.27197012672641924,2.5822380853188127e-08,3.371930539426909e-05,6.377415577577027e-06,4.185564711032473e-07,0.00025353531103147514,209.4742595180869,True
44,y,thermally_grown,Ea,position_x-10_y5,position,8.5,-10.0,5.0,-5.208393817604913,0.24678821398467107,1.2177332134623474e-07,3.1118085425866606e-05,6.219397809864397e-06,4.0366626940320984e-07,7.915011227783457e-05,155.9641712345183,True
44,y,thermally_grown,Ea,position_x-10_y10,position,8.5,-10.0,10.0,0.8937719667960664,0.23462224533170276,3.2952805382536536e-07,1.871281239071513e-05,7.863804887972577e-06,4.809225729070692e-07,0.0011907341196524133,131.843880020082,True
44,y,thermally_grown,Ea,position_x-5_y-10,position,8.5,-5.0,-10.0,7.700211519299694,0.3061454884036438,4.4318378366184353e-07,2.4892403216617123e-05,1.0116052854336142e-05,5.487000634289982e-07,0.007795893432136667,161.94721249118447,True
44,y,thermally_grown,Ea,position_x-5_y-5,position,8.5,-5.0,-5.0,34.48384396709359,0.3643663284118808,1.6559695246370542e-07,4.246593167542287e-05,8.498903116121721e-06,4.7248123675442767e-07,0.0006712128645828724,211.21389959007502,True
44,y,thermally_grown,Ea,position_x-5_y0,position,8.5,-5.0,0.0,46.4648365366979,0.33909410231876913,3.3144746048378745e-08,4.6657439753622796e-05,7.67933835960144e-06,4.370869605282766e-07,0.00047368542970955104,135.5066803880036,True
44,y,thermally_grown,Ea,position_x-5_y5,position,8.5,-5.0,5.0,27.650569183774586,0.4723933918358569,1.633768084952594e-07,3.9650936248934345e-05,9.962001385914311e-06,5.57194690829554e-07,0.00032568352590291253,162.6252876892686,True
44,y,thermally_grown,Ea,position_x-5_y10,position,8.5,-5.0,10.0,10.075168215895271,0.44671729468383264,4.363290843150032e-07,2.2051670039971345e-05,1.1819003741148626e-05,6.570669808831787e-07,0.0002543743738195443,132.5925819054246,True
44,y,thermally_grown,Ea,position_x0_y-10,position,8.5,0.0,-10.0,10.28105394288419,0.1825402549779188,4.506970348969414e-07,2.78238957306504e-05,8.25612093641287e-06,4.4273182784081875e-07,0.007490692528954717,132.12096766382456,True
44,y,thermally_grown,Ea,position_x0_y-5,position,8.5,0.0,-5.0,62.28059556698731,0.2673576281356555,1.666910950945117e-07,4.5901715948729955e-05,7.3345226863744506e-06,3.997340969686479e-07,0.0006859181034707548,163.64559299498796,True
44,y,thermally_grown,Ea,position_x0_y5,position,8.5,0.0,5.0,52.64916021862779,0.5233913280815392,1.7022907920853046e-07,3.9057339448926035e-05,1.31675494141678e-05,7.182211940611614e-07,0.0005051274028307773,207.20247345417738,True
44,y,thermally_grown,Ea,position_x0_y10,position,8.5,0.0,10.0,14.762102195956905,0.43098135701082435,4.5215705556189884e-07,2.0358744600969855e-05,1.4332770908572546e-05,7.843039238228038e-07,0.00017020057479799042,157.44256012141705,True
44,y,thermally_grown,Ea,position_x5_y-10,position,8.5,5.0,-10.0,7.778267944676663,0.2967988427220876,4.432839505558666e-07,2.5027380806701828e-05,1.0096904753661984e-05,5.473564451255981e-07,0.007680533413961542,210.62829925864935,True
44,y,thermally_grown,Ea,position_x5_y-5,position,8.5,5.0,-5.0,34.63644078776642,0.3533318026593956,1.65647115228603e-07,4.2467040137530105e-05,8.49639691001319e-06,4.732518951332141e-07,0.000647421759894395,136.25466553866863,True
44,y,thermally_grown,Ea,position_x5_y0,position,8.5,5.0,0.0,46.33818144049042,0.3424142602657298,3.318986492464139e-08,4.657192940638231e-05,7.694035722101971e-06,4.39191319189692e-07,0.00047471524628580724,137.93573271110654,True
44,y,thermally_grown,Ea,position_x5_y5,position,8.5,5.0,5.0,27.43209431255542,0.4783395887930838,1.6348058521141353e-07,3.961574516957302e-05,9.953016561582109e-06,5.579705625511034e-07,0.000325266427308174,133.28333596512675,True
44,y,thermally_grown,Ea,position_x5_y10,position,8.5,5.0,10.0,10.02961501040828,0.45718347778943086,4.3644193437241454e-07,2.2068858079507757e-05,1.1797972872233132e-05,6.566244483219795e-07,0.0002622939238761278,161.9761196412146,True
44,y,thermally_grown,Ea,position_x10_y-10,position,8.5,10.0,-10.0,0.91897063108722,0.3766658616110741,3.505019489921378e-07,1.5763910501554236e-05,1.1096950957612108e-05,6.38296504493407e-07,0.008564875471972226,204.69468523189425,True
44,y,thermally_grown,Ea,position_x10_y-5,position,8.5,10.0,-5.0,-2.456433065973569,0.33593703464829827,1.3264148764230815e-07,2.816794843526268e-05,9.578319893068984e-06,5.893400142567858e-07,0.0008449768163164261,132.62361193448305,True
44,y,thermally_grown,Ea,position_x10_y0,position,8.5,10.0,0.0,-8.341752170350619,0.27374381313851043,2.585659499406896e-08,3.362472549024558e-05,6.386559887271232e-06,4.207888939013962e-07,0.0003319087037925203,132.29323789849877,True
44,y,thermally_grown,Ea,position_x10_y5,position,8.5,10.0,5.0,-5.271424781907148,0.24688748960110332,1.218221906859625e-07,3.109479029959955e-05,6.218677628560221e-06,4.043082292693914e-07,8.82633883489217e-05,158.8792659677565,True
44,y,thermally_grown,Ea,position_x10_y10,position,8.5,10.0,10.0,0.9062748890588214,0.2346450802029251,3.2955877236774283e-07,1.8720135417021818e-05,7.856350841449204e-06,4.807940761317805e-07,0.0012140393578752445,131.68317883834243,True
45,y,thermally_grown,Eb,position_x-10_y-10,position,8.5,-10.0,-10.0,-4.986759856212472,0.09859952549913344,5.24245097599976e-07,6.096245152339058e-06,9.765329300449485e-06,7.695319716112231e-07,0.007818625477931974,149.17752842232585,True
45,y,thermally_grown,Eb,waist_4.25,waist,4.25,0.0,0.0,113.28874332989778,0.5511158678759692,3.0363955041576374e-09,5.270462297006549e-05,1.2170198007600498e-05,9.472994294518345e-07,0.00028530124220297194,232.0141138881445,True
45,y,thermally_grown,Eb,waist_6.375,waist,6.375,0.0,0.0,86.58537285624939,0.3210173891068072,8.87476947388162e-09,4.9132602949814226e-05,1.1872804197288114e-05,9.402283403216224e-07,0.00014072353174556952,149.33583329990506,True
45,y,thermally_grown,Eb,waist_8.5,waist,8.5,0.0,0.0,57.77098012793452,0.19421898910502594,6.125454850859628e-08,4.559509849479806e-05,1.1990480784210582e-05,9.553099987124386e-07,0.00011562102897115734,207.87812573090196,True
45,y,thermally_grown,Eb,waist_10.625,waist,10.625,0.0,0.0,37.24926594627149,0.13048725118899518,1.4552065666646264e-07,4.129273924054022e-05,1.1969908908015181e-05,9.571166186415663e-07,2.0964213672097978e-05,126.13320636749268,True
45,y,thermally_grown,Eb,waist_12.75,waist,12.75,0.0,0.0,24.493943709643112,0.09515724729815415,2.2439799719412805e-07,3.683587780529176e-05,1.1783735202238204e-05,9.43886759752664e-07,4.697795387279935e-05,130.2839767821133,True
45,y,thermally_grown,Eb,position_x-10_y-5,position,8.5,-10.0,-5.0,-17.454231048085283,0.1895324548843981,2.1057287645131918e-07,1.824696424310685e-05,1.1766939671500096e-05,9.495588546944953e-07,0.004963646429847598,126.28339578583837,True
45,y,thermally_grown,Eb,position_x-10_y0,position,8.5,-10.0,0.0,-24.85007079934441,0.1884425973057153,4.333968242243429e-08,2.9696694622748814e-05,1.1084913768449696e-05,8.904077261767212e-07,0.003913946140009829,122.1034087240696,True
45,y,thermally_grown,Eb,position_x-10_y5,position,8.5,-10.0,5.0,-13.655630057672408,0.1950570265049485,1.9550052990033526e-07,2.8889549207545294e-05,1.0432207303725417e-05,8.214444542980285e-07,0.0041934145490366646,127.07297509536147,True
45,y,thermally_grown,Eb,position_x-10_y10,position,8.5,-10.0,10.0,-0.7713021325685633,0.19428039099139296,4.929967715672509e-07,1.6568725165552418e-05,8.452473041322404e-06,6.467001949306412e-07,0.005756454261229626,128.57896194979548,True
45,y,thermally_grown,Eb,position_x-5_y-10,position,8.5,-5.0,-10.0,3.8998549128040314,0.17426793185306733,6.902673898636208e-07,1.5299908686083634e-05,9.53557069413434e-06,7.680096725012287e-07,0.0007329359051724066,131.95606847852468,True
45,y,thermally_grown,Eb,position_x-5_y-5,position,8.5,-5.0,-5.0,12.43197444355644,0.20089815174660833,2.764357073427133e-07,3.348870291676699e-05,1.2012774655056697e-05,9.66725874134837e-07,0.0005111508204187037,130.25917230546474,True
45,y,thermally_grown,Eb,position_x-5_y0,position,8.5,-5.0,0.0,17.310723407372173,0.1958215534691898,5.8811463325751026e-08,4.286430597952111e-05,1.2072482214089245e-05,9.646901955707964e-07,0.0004126631682545512,125.24322754517198,True
45,y,thermally_grown,Eb,position_x-5_y5,position,8.5,-5.0,5.0,13.021514107039213,0.19688431731341124,2.726228505859174e-07,3.5388559522069316e-05,1.1979470110958776e-05,9.507447523126396e-07,0.0005170802248773682,155.03823156282306,True
45,y,thermally_grown,Eb,position_x-5_y10,position,8.5,-5.0,10.0,5.5089919869686135,0.19227840353253892,6.830488393451427e-07,1.7771665958259194e-05,9.396614886114303e-06,7.444459694026157e-07,0.0007155314077172363,129.21417960897088,True
45,y,thermally_grown,Eb,position_x0_y-10,position,8.5,0.0,-10.0,14.512936668174149,0.19238460699662033,7.028684076467775e-07,2.1338945537509883e-05,8.670736508265642e-06,6.992149620823968e-07,1.3346184575295417e-05,127.10970037057996,True
45,y,thermally_grown,Eb,position_x0_y-5,position,8.5,0.0,-5.0,43.621464397374844,0.20135211273644227,2.8051181072369565e-07,4.063188469699695e-05,1.1196378872482211e-05,8.960583271185751e-07,0.00012691566210122407,124.27330081537366,True
45,y,thermally_grown,Eb,position_x0_y5,position,8.5,0.0,5.0,35.742677237763836,0.1976914654241371,2.901772858468957e-07,3.371755683003678e-05,1.2481493785299717e-05,9.93160256510292e-07,0.000119826951984062,124.49805339053273,True
45,y,thermally_grown,Eb,position_x0_y10,position,8.5,0.0,10.0,9.11785117577908,0.17530701096969947,7.224086418807674e-07,1.4964854133563811e-05,9.808348228738295e-06,7.853039458037095e-07,0.00015943868459264052,126.25326064229012,True
45,y,thermally_grown,Eb,position_x5_y-10,position,8.5,5.0,-10.0,3.8876034981614396,0.1744207598871247,6.902378458220259e-07,1.5298327431568697e-05,9.570239169918155e-06,7.710073559231099e-07,0.0006909635568829267,204.98619048669934,True
45,y,thermally_grown,Eb,position_x5_y-5,position,8.5,5.0,-5.0,12.349004310482695,0.20070963599717703,2.764041684721823e-07,3.347335996186783e-05,1.2056142339009312e-05,9.7048788689603e-07,0.00045626682395161834,126.59211106598377,True
45,y,thermally_grown,Eb,position_x5_y0,position,8.5,5.0,0.0,17.308557731100827,0.19579706379646358,5.878621895609491e-08,4.2835102541783914e-05,1.2119102431415204e-05,9.68723484659455e-07,0.000416642198799605,153.08942280709743,True
45,y,thermally_grown,Eb,position_x5_y5,position,8.5,5.0,5.0,13.10428779775161,0.1963201837351114,2.7252852435292095e-07,3.5354625994675334e-05,1.2026146214849715e-05,9.547986514433765e-07,0.00041901517651096926,153.28642020747066,True
45,y,thermally_grown,Eb,position_x5_y10,position,8.5,5.0,10.0,5.559809892796525,0.19218181626018035,6.829121170032391e-07,1.776648438864839e-05,9.432865181679997e-06,7.475669345889133e-07,0.000599239655531805,131.55670599266887,True
45,y,thermally_grown,Eb,position_x10_y-10,position,8.5,10.0,-10.0,-5.021494188330098,0.09864104843943579,5.242156909263016e-07,6.085334365333829e-06,9.981741242322731e-06,7.880272512777778e-07,0.005497393180764616,125.52657400071621,True
45,y,thermally_grown,Eb,position_x10_y-5,position,8.5,10.0,-5.0,-17.547278713433627,0.18937116712471566,2.1054408875000708e-07,1.82157170377965e-05,1.202783844283132e-05,9.71848142659662e-07,0.0038964533237779353,126.17870878428221,True
45,y,thermally_grown,Eb,position_x10_y0,position,8.5,10.0,0.0,-24.90275154923356,0.18850042651729704,4.3325936411081844e-08,2.9669193113503778e-05,1.1353251734453217e-05,9.132820415012805e-07,0.0029103845035446953,123.19086804240942,True
45,y,thermally_grown,Eb,position_x10_y5,position,8.5,10.0,5.0,-13.670045578989521,0.19512339339473805,1.9546159164537942e-07,2.8873237445103154e-05,1.0696599696367168e-05,8.439536320191536e-07,0.002785079464174308,124.64610619097948,True
45,y,thermally_grown,Eb,position_x10_y10,position,8.5,10.0,10.0,-0.7820830114538423,0.19432346142204088,4.929277012915956e-07,1.6565039272194297e-05,8.672715039180868e-06,6.654623570418583e-07,0.0031495474159635582,204.68030400201678,True
47,x,thermally_grown,Ea,position_x-10_y-10,position,8.5,-10.0,-10.0,2.1928743384649514,0.17429354812659986,4.505425359576688e-07,1.7607681700761378e-05,6.706748274699571e-06,4.254971664510897e-07,0.006655359665662518,143.8108865916729,True
47,x,thermally_grown,Ea,waist_4.25,waist,4.25,0.0,0.0,102.03038165085844,0.9521007090505794,2.849057486528239e-09,5.252759389642099e-05,1.027963132638097e-05,5.628966986562916e-07,0.001098170844424976,141.96779668331146,True
47,x,thermally_grown,Ea,waist_6.375,waist,6.375,0.0,0.0,71.37178167986426,0.6388502238320689,8.406198621843342e-09,5.062574041855573e-05,9.520734994689584e-06,5.139746330447582e-07,0.001052471631488015,142.15778369084,True
47,x,thermally_grown,Ea,waist_8.5,waist,8.5,0.0,0.0,47.657727214349514,0.41676510378474096,5.49985300614245e-08,4.8373252761506975e-05,9.28895656969704e-06,5.071261529968575e-07,0.000876717291216343,170.14973735436797,True
47,x,thermally_grown,Ea,waist_10.625,waist,10.625,0.0,0.0,32.948929303008455,0.2893806863970172,1.2980040071703428e-07,4.480623788157478e-05,9.130348853807345e-06,5.129386142499916e-07,0.0007094492765269018,221.69847174733877,True
47,x,thermally_grown,Ea,waist_12.75,waist,12.75,0.0,0.0,24.018244931649214,0.21404749055273664,1.9984090422891859e-07,4.064541167205204e-05,9.005709022807769e-06,5.225112955695361e-07,0.000530503092570151,144.80402212962508,True
47,x,thermally_grown,Ea,position_x-10_y-5,position,8.5,-10.0,-5.0,4.573379851599804,0.42737622895976984,6.226464010408167e-07,2.1884355696816184e-05,8.298982376758876e-06,5.127037221384888e-07,5.267673732415659e-05,137.50261460244656,True
47,x,thermally_grown,Ea,position_x-10_y0,position,8.5,-10.0,0.0,6.732360377103802,0.4341700767988923,6.548372368824465e-07,2.128997562561478e-05,9.82219833612675e-06,5.998180301632006e-07,0.0014550310974456812,160.47797658666968,True
47,x,thermally_grown,Ea,position_x-10_y5,position,8.5,-10.0,5.0,4.59166208673684,0.4213533484734783,6.226207881466384e-07,2.1815544008142096e-05,8.345981050552953e-06,5.173494007191909e-07,0.0011917002630984425,134.53964274004102,True
47,x,thermally_grown,Ea,position_x-10_y10,position,8.5,-10.0,10.0,2.175947788377239,0.17435070922661736,4.5050563208442744e-07,1.7568188853992285e-05,6.938254814833485e-06,4.452494895561238e-07,0.002497780252401579,136.71368856355548,True
47,x,thermally_grown,Ea,position_x-5_y-10,position,8.5,-5.0,-10.0,-0.09516703400810478,0.22991730829744247,1.7907483698947344e-07,3.058585120637276e-05,7.689569610663413e-06,4.6012695255990687e-07,0.005210777586267208,139.8753478527069,True
47,x,thermally_grown,Ea,position_x-5_y-5,position,8.5,-5.0,-5.0,17.91124108753646,0.48177652390750964,2.4883603749768476e-07,4.079180533528287e-05,9.840513432642561e-06,5.463835738738531e-07,0.00025451118785650457,141.27398382127285,True
47,x,thermally_grown,Ea,position_x-5_y0,position,8.5,-5.0,0.0,32.68323344502234,0.42016134330494753,2.6276109201424714e-07,4.1566463531531e-05,1.1663377212108339e-05,6.419638347635031e-07,0.0013168616247610397,139.3604640290141,True
47,x,thermally_grown,Ea,position_x-5_y5,position,8.5,-5.0,5.0,17.90732473218568,0.4736781611258052,2.4881588816249876e-07,4.070721803008808e-05,9.888740564155339e-06,5.518871793343114e-07,0.0010819583931737553,140.8088482245803,True
47,x,thermally_grown,Ea,position_x-5_y10,position,8.5,-5.0,10.0,-0.09437554312590507,0.22887796194089918,1.790530743293527e-07,3.0540111637671e-05,7.965295756640557e-06,4.837073953781197e-07,0.0019181115927397385,137.55405507981777,True
47,x,thermally_grown,Ea,position_x0_y-10,position,8.5,0.0,-10.0,0.28754329947035195,0.30508871922777386,3.786372161071702e-08,3.0227904855507122e-05,9.131372361139685e-06,5.842239554904373e-07,0.004735928778656899,142.52188377827406,True
47,x,thermally_grown,Ea,position_x0_y-5,position,8.5,0.0,-5.0,27.35831371125752,0.3448698486716935,5.232344601876777e-08,4.4775597340470765e-05,9.389501514829688e-06,5.369209145220038e-07,0.00012901816803585647,144.5275038778782,True
47,x,thermally_grown,Ea,position_x0_y5,position,8.5,0.0,5.0,27.26677233059877,0.3476766707518508,5.2242429020108086e-08,4.477679403836151e-05,9.407116394503539e-06,5.398370339426401e-07,0.0009610678715552009,144.74598007649183,True
47,x,thermally_grown,Ea,position_x0_y10,position,8.5,0.0,10.0,0.30443036409260993,0.3054703649478157,3.770083326760265e-08,3.0216696394479304e-05,9.403279804599368e-06,6.069578444672279e-07,0.002399655072374698,214.8185587786138,True
47,x,thermally_grown,Ea,position_x5_y-10,position,8.5,5.0,-10.0,4.4316830902939754,0.3803661648972639,1.7664219263149076e-07,2.3327318328614945e-05,1.0241155243173406e-05,6.872658979088705e-07,0.004479400244396917,137.43416699394584,True
47,x,thermally_grown,Ea,position_x5_y-5,position,8.5,5.0,-5.0,13.488317589920216,0.37649169760779067,2.37867844742363e-07,3.842820291530685e-05,7.911569174834532e-06,4.868815780940117e-07,2.969578685852305e-06,143.8423349186778,True
47,x,thermally_grown,Ea,position_x5_y0,position,8.5,5.0,0.0,16.611546400020416,0.18864630717854183,2.464881909296786e-07,4.321158221935521e-05,5.76622013273372e-06,3.3639987177760264e-07,0.0005300952762210683,216.14820106327534,True
47,x,thermally_grown,Ea,position_x5_y5,position,8.5,5.0,5.0,13.29919559402407,0.374920757814472,2.373971729707568e-07,3.848075042832476e-05,7.927826204406916e-06,4.88643194331474e-07,0.0009683927454848562,141.756314676255,True
47,x,thermally_grown,Ea,position_x5_y10,position,8.5,5.0,10.0,4.391618450196339,0.3890815538550406,1.7553599970761901e-07,2.327540984161236e-05,1.0506485572591944e-05,7.094291375583392e-07,0.0035806758540318498,138.48854783549905,True
47,x,thermally_grown,Ea,position_x10_y-10,position,8.5,10.0,-10.0,3.0211268310340276,0.29613814746054934,4.470158191481146e-07,1.3644627961836824e-05,8.136323328728298e-06,5.55891143859868e-07,0.005473294162520728,132.8575019724667,True
47,x,thermally_grown,Ea,position_x10_y-5,position,8.5,10.0,-5.0,0.931650111573614,0.2164688059426554,6.003029031779275e-07,2.2114358278936255e-05,5.8287144333570565e-06,3.990333140021116e-07,0.0004600863084764443,130.73829724639654,True
47,x,thermally_grown,Ea,position_x10_y0,position,8.5,10.0,0.0,-2.7278483547747814,0.165218739381679,6.22122697177676e-07,2.452132614473211e-05,4.21823572503625e-06,2.9736548710393445e-07,0.00017883090340773517,134.2720999494195,True
47,x,thermally_grown,Ea,position_x10_y5,position,8.5,10.0,5.0,0.8362758315141987,0.2078911749283789,5.995398327692068e-07,2.213300863950077e-05,5.853780809527588e-06,4.0138348544744097e-07,0.0008168677133380543,133.62670822441578,True
47,x,thermally_grown,Ea,position_x10_y10,position,8.5,10.0,10.0,2.9970142616635,0.2995277512728103,4.4506769998464877e-07,1.3591502444553635e-05,8.346821343598048e-06,5.744533606326512e-07,0.004515680063426397,130.85745732486248,True
48,x,thermally_grown,Eb,position_x-10_y-10,position,8.5,-10.0,-10.0,7.359074555647324,0.22903113780760576,3.684853400074824e-07,1.8315541896496195e-05,1.060379910952237e-05,6.969427914293054e-07,0.00939654395439488,161.90938395261765,True
48,x,thermally_grown,Eb,waist_4.25,waist,4.25,0.0,0.0,56.3929780995713,0.559545692823976,7.216137473608454e-09,4.998281642214203e-05,1.2718775551920205e-05,9.895795354346876e-07,0.0004489610187357706,165.82717640697956,True
48,x,thermally_grown,Eb,waist_6.375,waist,6.375,0.0,0.0,38.36583640644692,0.33031516714947673,5.595195988704808e-09,4.361709021915927e-05,1.2882987631236155e-05,1.0178314535609104e-06,0.00021518072587429503,131.3156068585813,True
48,x,thermally_grown,Eb,waist_8.5,waist,8.5,0.0,0.0,23.3403050344935,0.20419114872187696,3.836041678924675e-08,3.928664570121831e-05,1.3341768585290223e-05,1.0485033493367756e-06,7.918670301923458e-05,130.883475843817,True
48,x,thermally_grown,Eb,waist_10.625,waist,10.625,0.0,0.0,14.206042021414376,0.1400171292646137,9.984808654039143e-08,3.586907797026299e-05,1.362920707498539e-05,1.0514542967289744e-06,0.000517173846660996,165.3133364059031,True
48,x,thermally_grown,Eb,waist_12.75,waist,12.75,0.0,0.0,9.089331083416836,0.10381705414158608,1.6076837047682795e-07,3.266863245394754e-05,1.370787763312531e-05,1.0353134426797131e-06,0.0011946794233563163,138.93423694744706,True
48,x,thermally_grown,Eb,position_x-10_y-5,position,8.5,-10.0,-5.0,5.568308639093112,0.21093962583961612,4.7288761320648225e-07,1.9467566107799366e-05,1.3279737993356715e-05,8.57386579452793e-07,0.010857174600497154,132.38342901319265,True
48,x,thermally_grown,Eb,position_x-10_y0,position,8.5,-10.0,0.0,3.4244890593972905,0.13563912115016533,4.855470148659081e-07,1.555950792779684e-05,1.430720756769136e-05,9.295882802554782e-07,0.012462917036924656,127.59217445552349,True
48,x,thermally_grown,Eb,position_x-10_y5,position,8.5,-10.0,5.0,5.504147868126155,0.2110812199712669,4.7293662447738807e-07,1.9437214750238222e-05,1.3280723743897414e-05,8.576842472387769e-07,0.010869506429372955,158.74148277565837,True
48,x,thermally_grown,Eb,position_x-10_y10,position,8.5,-10.0,10.0,7.297235220328226,0.22903250947313175,3.6851305011828657e-07,1.8304707898001658e-05,1.0604348732922926e-05,6.970713068207122e-07,0.009389520071552348,209.16973638907075,True
48,x,thermally_grown,Eb,position_x-5_y-10,position,8.5,-5.0,-10.0,1.1068866618971838,0.19948930172057483,1.3842129346944943e-07,2.779174007760222e-05,1.1313552713654828e-05,8.534287330564413e-07,0.001555868266090107,135.9031791538,True
48,x,thermally_grown,Eb,position_x-5_y-5,position,8.5,-5.0,-5.0,6.85730503156728,0.1915498837552432,1.7878325495547936e-07,3.157912965085699e-05,1.4017721679032484e-05,1.0443066433033375e-06,0.0018791760312664326,135.0875677615404,True
48,x,thermally_grown,Eb,position_x-5_y0,position,8.5,-5.0,0.0,11.594089767156808,0.16226732168243424,1.8399444389535696e-07,2.7861465757748422e-05,1.4989096282169764e-05,1.1204134512155073e-06,0.002134132322348204,130.83211648091674,True
48,x,thermally_grown,Eb,position_x-5_y5,position,8.5,-5.0,5.0,6.668706568663731,0.19242317516647445,1.7881434305037602e-07,3.1558093314814885e-05,1.4014758076355223e-05,1.0444237315637744e-06,0.0018819398155025266,136.07201102748513,True
48,x,thermally_grown,Eb,position_x-5_y10,position,8.5,-5.0,10.0,0.8869265125396388,0.19948331311884435,1.384387134189866e-07,2.7784883488092343e-05,1.1312224529354034e-05,8.534553140421392e-07,0.0015530141829361568,135.70493187010288,True
48,x,thermally_grown,Eb,position_x0_y-10,position,8.5,0.0,-10.0,-6.733757920361648,0.20328850078254626,2.851191792304515e-08,2.442445352094109e-05,1.200211387750559e-05,9.595680601056668e-07,9.283988406147841e-05,161.32673479616642,True
48,x,thermally_grown,Eb,position_x0_y-5,position,8.5,0.0,-5.0,9.674742114548005,0.199945290512323,3.713236805618564e-08,3.587367283215279e-05,1.3505130216465423e-05,1.0648220756487867e-06,9.483328910310514e-05,158.96537408605218,True
48,x,thermally_grown,Eb,position_x0_y5,position,8.5,0.0,5.0,9.497284393271427,0.199687028777735,3.71432973429251e-08,3.587151434451263e-05,1.3501526783738812e-05,1.0647373978201453e-06,9.50569241809757e-05,209.0994293652475,True
48,x,thermally_grown,Eb,position_x0_y10,position,8.5,0.0,10.0,-6.9165388471578675,0.2033516803947315,2.8523637888787775e-08,2.442214751038608e-05,1.2000530439851399e-05,9.595422455041999e-07,8.976844769438391e-05,160.3343963548541,True
48,x,thermally_grown,Eb,position_x5_y-10,position,8.5,5.0,-10.0,-4.194198717084019,0.13852716159787612,1.4121188522962297e-07,1.4732427100820856e-05,1.3385623435478267e-05,1.0306463747486488e-06,0.0005361545053665053,136.74943555518985,True
48,x,thermally_grown,Eb,position_x5_y-5,position,8.5,5.0,-5.0,2.3893583855095115,0.1906649335658048,1.788207383286133e-07,2.9871823835805716e-05,1.4109096573271425e-05,1.066504675621172e-06,0.0004974206488549157,205.80651611834764,True
48,x,thermally_grown,Eb,position_x5_y0,position,8.5,5.0,0.0,7.505898392440276,0.18692817128956746,1.8334420411366656e-07,3.842934075983626e-05,1.3119600793707856e-05,9.79474971108788e-07,0.0004927519101656312,129.37016884237528,True
48,x,thermally_grown,Eb,position_x5_y5,position,8.5,5.0,5.0,2.4008526156151375,0.1899302832582076,1.7883929727262038e-07,2.9842268139649817e-05,1.4112861476681435e-05,1.0668595794944022e-06,0.0004961415789118366,132.7481854222715,True
48,x,thermally_grown,Eb,position_x5_y10,position,8.5,5.0,10.0,-4.196289803150853,0.1390754157213071,1.412470942665533e-07,1.4713861335872113e-05,1.3388098755979315e-05,1.030873270158303e-06,0.0005294690804839754,137.39733097702265,True
48,x,thermally_grown,Eb,position_x10_y-10,position,8.5,10.0,-10.0,-1.9255474019486583,0.20939520878313148,3.732952671044527e-07,9.134906216437334e-06,1.2572777832034965e-05,8.480518116853979e-07,0.00017388234212467179,135.25775376707315,True
48,x,thermally_grown,Eb,position_x10_y-5,position,8.5,10.0,-5.0,-6.835051040979049,0.21702964327559418,4.7278520695798125e-07,1.8966285867990898e-05,1.3566658902127472e-05,8.899933399151301e-07,0.0008304882161187574,159.09046127647161,True
48,x,thermally_grown,Eb,position_x10_y0,position,8.5,10.0,0.0,-11.298727924844997,0.21270389169654755,4.848803155731407e-07,2.457113481845495e-05,1.2908906380322348e-05,8.320901114526489e-07,0.0007772343607874603,153.71967010200024,True
48,x,thermally_grown,Eb,position_x10_y5,position,8.5,10.0,5.0,-6.773260771933418,0.21721197474894802,4.728026153073646e-07,1.8933587006087506e-05,1.3571984910233466e-05,8.904244889189235e-07,0.0008262983837934428,130.98943856731057,True
48,x,thermally_grown,Eb,position_x10_y10,position,8.5,10.0,10.0,-1.8932626295850723,0.2091104968789472,3.7333899057146075e-07,9.115586330375565e-06,1.257605460966085e-05,8.483168058945681e-07,0.00015674706501878614,133.32780328392982,True
55,y,evaporated,Ea,position_x-10_y-10,position,8.5,-10.0,-10.0,-12.40201091184733,0.7221324334527581,3.46130071916927e-07,7.824288083592231e-06,1.2265874714948226e-05,7.812329436727659e-07,0.013470224801133501,126.22876653820276,True
55,y,evaporated,Ea,waist_4.25,waist,4.25,0.0,0.0,1582.962289890025,6.314776924770094,1.2490632438831242e-08,5.080727794606238e-05,7.105334009069828e-06,3.7026692123096206e-07,0.0008315792602431917,152.4317536316812,True
55,y,evaporated,Ea,waist_6.375,waist,6.375,0.0,0.0,1166.4467855018695,4.299719752043779,6.825745216279393e-09,4.599124056944602e-05,6.783529898419675e-06,3.8971391556770914e-07,0.0006387996485930392,128.58933712914586,True
55,y,evaporated,Ea,waist_8.5,waist,8.5,0.0,0.0,794.3357148973025,2.97092492225324,3.854086834231897e-08,4.240239526128512e-05,7.26071663408601e-06,4.4658872469154793e-07,0.00027499526561067586,133.2823453359306,True
55,y,evaporated,Ea,waist_10.625,waist,10.625,0.0,0.0,533.5665412517807,2.1775839303982454,9.71287898671209e-08,3.87173980112651e-05,8.005508466796329e-06,5.036560823178867e-07,0.00013356849900391567,131.67939536646008,True
55,y,evaporated,Ea,waist_12.75,waist,12.75,0.0,0.0,366.67673761836176,1.6780935173659635,1.5454884181632297e-07,3.49533441332705e-05,8.677720770443603e-06,5.488563169706547e-07,0.0007066864534825556,207.38717894628644,True
55,y,evaporated,Ea,position_x-10_y-5,position,8.5,-10.0,-5.0,-116.2176684969795,1.6453229936305291,1.3237981082338553e-07,1.780771649973089e-05,1.0959373374151126e-05,7.774140747917523e-07,0.0021680455542685113,154.89248374849558,True
55,y,evaporated,Ea,position_x-10_y0,position,8.5,-10.0,0.0,-270.54429559734115,2.8723992506032934,2.7454477465429367e-08,2.8498404291084996e-05,7.2229845383927655e-06,5.206867317739394e-07,1.615288380748843e-05,127.40902012959123,True
55,y,evaporated,Ea,position_x-10_y5,position,8.5,-10.0,5.0,-217.2325817642125,3.1985857802391626,1.2426431187912996e-07,2.8684073433894963e-05,6.60940976673025e-06,4.5078558700053e-07,1.068219231713375e-05,127.19670946523547,True
55,y,evaporated,Ea,position_x-10_y10,position,8.5,-10.0,10.0,-50.76496962449625,2.341344857739216,3.3222646125123186e-07,1.754155294531732e-05,7.940390349506382e-06,5.006113449849123e-07,0.001305180815907343,127.06248701363802,True
55,y,evaporated,Ea,position_x-5_y-10,position,8.5,-5.0,-10.0,147.67159440757496,1.7649549002126672,4.4104951565178305e-07,1.845248704746373e-05,1.1189954766919033e-05,6.590830104250268e-07,0.010714499232295529,129.14499479532242,True
55,y,evaporated,Ea,position_x-5_y-5,position,8.5,-5.0,-5.0,323.8077297038587,2.7179471937562227,1.674133584717931e-07,3.434661463101112e-05,8.487317250386042e-06,5.468989049641075e-07,0.0016739920588828775,130.004968598485,True
55,y,evaporated,Ea,position_x-5_y0,position,8.5,-5.0,0.0,299.3147597279056,3.1449782641860833,3.698425741184182e-08,4.072336944876471e-05,6.963031718814432e-06,4.498314502182318e-07,0.00014368617972619009,158.2195498459041,True
55,y,evaporated,Ea,position_x-5_y5,position,8.5,-5.0,5.0,110.51291430667196,2.3853111726276994,1.7002664261186297e-07,3.18848158246173e-05,1.0038667816103191e-05,6.492859893983057e-07,1.1243417743303684e-05,203.42747865244746,True
55,y,evaporated,Ea,position_x-5_y10,position,8.5,-5.0,10.0,28.506471031204466,1.7080389153630964,4.437715048283638e-07,1.715496388892989e-05,1.193850142045244e-05,7.294766717992484e-07,0.00042067646906238305,129.04578077420592,True
55,y,evaporated,Ea,position_x0_y-10,position,8.5,0.0,-10.0,306.237133504598,2.2203330470341953,4.508767084029532e-07,2.4405085753964867e-05,8.800069519216366e-06,4.905499793794528e-07,0.008970293131185532,129.52268597111106,True
55,y,evaporated,Ea,position_x0_y-5,position,8.5,0.0,-5.0,738.0219230197823,3.143351514812466,1.6986056642231176e-07,4.151010804017781e-05,5.99283679896012e-06,3.5315499604711576e-07,0.0013733651807374355,130.2093169875443,True
55,y,evaporated,Ea,position_x0_y5,position,8.5,0.0,5.0,364.28524808369474,1.5098289895495278,1.7953846241486055e-07,2.7312676372589798e-05,1.2895901012443103e-05,8.374724186625121e-07,2.9462918200859272e-05,157.8313827700913,True
55,y,evaporated,Ea,position_x0_y10,position,8.5,0.0,10.0,77.39698111800274,0.7572032653526216,4.628612505219929e-07,1.2592010098276557e-05,1.4528659665831871e-05,8.973561104015494e-07,5.915989420973716e-06,151.17729218676686,True
55,y,evaporated,Ea,position_x5_y-10,position,8.5,5.0,-10.0,147.15245157044706,1.7578917783476178,4.4110464926294113e-07,1.8342572491241518e-05,1.1220509659370596e-05,6.618283443891496e-07,0.010742726492293405,201.81767566502094,True
55,y,evaporated,Ea,position_x5_y-5,position,8.5,5.0,-5.0,319.73873175645446,2.7192776039196644,1.6744446475644954e-07,3.4212431730889154e-05,8.533269710692507e-06,5.505063678878242e-07,0.0016748021336860939,127.7650615721941,True
55,y,evaporated,Ea,position_x5_y0,position,8.5,5.0,0.0,292.49268338607413,3.151325603177059,3.701021078453052e-08,4.067152420859299e-05,6.986157798842518e-06,4.515141323483311e-07,0.00014951728333363945,130.99806997179985,True
55,y,evaporated,Ea,position_x5_y5,position,8.5,5.0,5.0,106.1744445569626,2.393962863156703,1.7013459618021518e-07,3.188591647037821e-05,1.0038513232273035e-05,6.493414762460165e-07,5.205888685125283e-07,130.83969470858574,True
55,y,evaporated,Ea,position_x5_y10,position,8.5,5.0,10.0,27.450550367671685,1.7108718064105641,4.4400489134333836e-07,1.718255018192678e-05,1.193156054215224e-05,7.287711927554843e-07,0.00045304254021412177,129.35238813608885,True
55,y,evaporated,Ea,position_x10_y-10,position,8.5,10.0,-10.0,-12.56967699673287,0.7125787687504451,3.461831855434263e-07,7.751192095543773e-06,1.2284978504303367e-05,7.829860734360854e-07,0.013488012079811746,128.66567486152053,True
55,y,evaporated,Ea,position_x10_y-5,position,8.5,10.0,-5.0,-118.46985353981627,1.6454754914357563,1.32414122621927e-07,1.769694212130723e-05,1.0992877251211663e-05,7.802292766270639e-07,0.0021611998151525673,128.06934925541282,True
55,y,evaporated,Ea,position_x10_y0,position,8.5,10.0,0.0,-274.7373417834768,2.8699976623106043,2.7458966129614752e-08,2.8432985325466273e-05,7.245252070535473e-06,5.225575231122995e-07,3.118193536693132e-05,129.2196087576449,True
55,y,evaporated,Ea,position_x10_y5,position,8.5,10.0,5.0,-220.47450601921645,3.2002995581572953,1.2429357177072348e-07,2.8670722432607346e-05,6.610347470378304e-06,4.511109730887004e-07,3.0524380679838876e-05,131.13375136256218,True
55,y,evaporated,Ea,position_x10_y10,position,8.5,10.0,10.0,-51.91169690934191,2.3423499870407807,3.3233180445465e-07,1.7551801691250384e-05,7.936016043906968e-06,5.002960178053568e-07,0.001345349132806298,130.03423476219177,True
56,y,evaporated,Eb,position_x-10_y-10,position,8.5,-10.0,-10.0,9.58677137763395,0.5006776571739653,5.255038296409945e-07,4.781347747645626e-06,9.918880221495019e-06,7.842476053931626e-07,0.008195081796871857,121.88327226042747,True
56,y,evaporated,Eb,waist_4.25,waist,4.25,0.0,0.0,1777.271147499195,6.807140229978237,3.338889939763434e-09,4.9457182061914275e-05,1.258155566794417e-05,9.861754291995115e-07,0.00029317210958569427,118.78982290998101,True
56,y,evaporated,Eb,waist_6.375,waist,6.375,0.0,0.0,1329.9805135521742,4.608249800055358,8.469272834897968e-09,4.524432226132394e-05,1.2330750626175553e-05,9.868372587069863e-07,0.00017012273030686794,136.76042708009481,True
56,y,evaporated,Eb,waist_8.5,waist,8.5,0.0,0.0,913.4366393096582,3.1477364464061472,6.035820124994609e-08,4.128065528056342e-05,1.2482831851822563e-05,1.0068308831950606e-06,0.0001183576366747039,220.88377129286528,True
56,y,evaporated,Eb,waist_10.625,waist,10.625,0.0,0.0,624.9544689973915,2.2823455707770774,1.444581052943429e-07,3.6913776786704205e-05,1.2462730277068506e-05,1.0090385262356668e-06,3.556169329640115e-05,118.61584442853928,True
56,y,evaporated,Eb,waist_12.75,waist,12.75,0.0,0.0,441.24528161694866,1.7448779857214276,2.2333360739810637e-07,3.266267935407888e-05,1.2249286990536024e-05,9.93077390514919e-07,1.6317201504904247e-05,124.39757792279124,True
56,y,evaporated,Eb,position_x-10_y-5,position,8.5,-10.0,-5.0,-66.59674953191131,1.3852156548338368,2.1095192103775623e-07,1.419761757193651e-05,1.227648418872667e-05,9.978664571515947e-07,0.00522223938304669,121.18562700971961,True
56,y,evaporated,Eb,position_x-10_y0,position,8.5,-10.0,0.0,-226.6982810124201,2.6863823198490184,4.3163763163701315e-08,2.5787214845970146e-05,1.1579735727281466e-05,9.38049930275454e-07,0.003978399333878411,116.30422903969884,True
56,y,evaporated,Eb,position_x-10_y5,position,8.5,-10.0,5.0,-209.04987324392303,3.055941110524196,1.9525153774011594e-07,2.704395835352902e-05,1.0636732166703323e-05,8.433402272555821e-07,0.00429186115345424,126.35661185905337,True
56,y,evaporated,Eb,position_x-10_y10,position,8.5,-10.0,10.0,-59.83626714711983,2.1335402032713966,4.929305558243794e-07,1.5733531348337566e-05,8.528941612111025e-06,6.561527651293371e-07,0.005927033786692914,128.5554947182536,True
56,y,evaporated,Eb,position_x-5_y-10,position,8.5,-5.0,-10.0,186.78087068345843,1.5774427733038787,6.93301728948724e-07,1.4302646266909675e-05,9.655215386186264e-06,7.791917689056157e-07,0.0007112607105828427,129.34487883374095,True
56,y,evaporated,Eb,position_x-5_y-5,position,8.5,-5.0,-5.0,389.7186549072967,2.6576611706553077,2.7774816698031763e-07,3.082147893735863e-05,1.236262372570358e-05,9.991029838628678e-07,0.0004611746594546089,125.40523507073522,True
56,y,evaporated,Eb,position_x-5_y0,position,8.5,-5.0,0.0,368.6927045453959,3.1405649833985736,5.833843637544281e-08,3.888213634696135e-05,1.2556596749853647e-05,1.0129907384429903e-06,0.00038322863992623364,120.46075266227126,True
56,y,evaporated,Eb,position_x-5_y5,position,8.5,-5.0,5.0,150.4876192253557,2.445258507320167,2.705726496353083e-07,2.9976201631593287e-05,1.253473345211552e-05,1.0136972977975382e-06,0.0005949045979742727,126.55219008773565,True
56,y,evaporated,Eb,position_x-5_y10,position,8.5,-5.0,10.0,28.72435873349054,1.6155373712548382,6.808082699049732e-07,1.407132175114406e-05,9.735824033583255e-06,7.861248455091872e-07,0.0008877404248386116,126.36650104448199,True
56,y,evaporated,Eb,position_x0_y-10,position,8.5,0.0,-10.0,358.9396366000769,2.1200637701790206,7.060892698006509e-07,2.0800332325101544e-05,8.73649594805832e-06,7.052130609234071e-07,4.2765276820352077e-07,153.19727287441492,True
56,y,evaporated,Eb,position_x0_y-5,position,8.5,0.0,-5.0,827.0991585196485,3.220610007298507,2.819487504109581e-07,3.930332635415561e-05,1.1363816848433298e-05,9.120933703354509e-07,4.1731634509383786e-05,124.92691481113434,True
56,y,evaporated,Eb,position_x0_y5,position,8.5,0.0,5.0,452.39440339631017,1.7159381900265982,2.859560536117777e-07,2.4942535036483525e-05,1.3393333580342413e-05,1.0953812711601011e-06,0.00019248766289623156,197.86814923211932,True
56,y,evaporated,Eb,position_x0_y10,position,8.5,0.0,10.0,89.61422050023202,0.5223438875707844,7.174090034348218e-07,8.83879677519009e-06,1.0386742019823019e-05,8.547347234527615e-07,0.0001756909875210471,152.85139613971114,True
56,y,evaporated,Eb,position_x5_y-10,position,8.5,5.0,-10.0,187.1456683635418,1.577730887181383,6.931477779318855e-07,1.4297337700065284e-05,9.691912157310431e-06,7.823490423883626e-07,0.0007606261604493356,126.10158118233085,True
56,y,evaporated,Eb,position_x5_y-5,position,8.5,5.0,-5.0,392.34325999199905,2.651260780311836,2.7768419071587814e-07,3.080894910334722e-05,1.2405885234854904e-05,1.0028728010071063e-06,0.0005457220905508781,125.17560893297195,True
56,y,evaporated,Eb,position_x5_y0,position,8.5,5.0,0.0,373.01577883127965,3.1280833070640943,5.8329946526080096e-08,3.8863575101683544e-05,1.260139467549577e-05,1.0168543276121388e-06,0.0004857475991228091,124.79100935906172,True
56,y,evaporated,Eb,position_x5_y5,position,8.5,5.0,5.0,153.1619781997193,2.442892292643161,2.705327839072389e-07,2.9989035010508294e-05,1.2574746184340538e-05,1.0170950862543957e-06,0.0004295331090656311,153.21790797263384,True
56,y,evaporated,Eb,position_x5_y10,position,8.5,5.0,10.0,29.53243090087004,1.6178863537964825,6.807313366899292e-07,1.4101802559158326e-05,9.766449884758366e-06,7.887196297655001e-07,0.0005851330456239248,153.4467962011695,True
56,y,evaporated,Eb,position_x10_y-10,position,8.5,10.0,-10.0,10.111120194172754,0.4999333960835689,5.254574576964038e-07,4.77490201777356e-06,1.0135536319542834e-05,8.027403980558876e-07,0.006055034373784439,126.83363332226872,True
56,y,evaporated,Eb,position_x10_y-5,position,8.5,10.0,-5.0,-63.61840153413576,1.3627245083466253,2.1094735209846083e-07,1.4161357564478801e-05,1.2536793631362591e-05,1.0201045506119525e-06,0.004689501184704994,199.79711956903338,True
56,y,evaporated,Eb,position_x10_y0,position,8.5,10.0,0.0,-221.96965648058753,2.670067032803693,4.316980362507944e-08,2.572776206194825e-05,1.1849435430379737e-05,9.610896881242024e-07,0.003373176297216935,122.51356456056237,True
56,y,evaporated,Eb,position_x10_y5,position,8.5,10.0,5.0,-206.34908518393664,3.0524281078034603,1.9523706490105479e-07,2.7030986063725972e-05,1.0898299826503807e-05,8.656385090882179e-07,0.002915001596310583,154.76929081231356,True
56,y,evaporated,Eb,position_x10_y10,position,8.5,10.0,10.0,-59.04872469255229,2.1338941828846876,4.928987172080853e-07,1.5746977174904213e-05,8.745099409708055e-06,6.745935019199117e-07,0.0032139316375091476,127.0035466812551,True
57,x,evaporated,Ea,position_x-10_y-10,position,8.5,-10.0,-10.0,134.34355274075386,2.575527204608098,4.437541082986142e-07,1.790202686706404e-05,5.795084927537714e-06,3.772639303105956e-07,0.00712081820610089,136.1698991768062,True
57,x,evaporated,Ea,waist_4.25,waist,4.25,0.0,0.0,642.8372386817913,5.949723139077851,3.086615119699307e-09,5.449270450996905e-05,5.0966829442365244e-06,3.1314975699240517e-07,0.0004832259587031661,163.68035417050123,True
57,x,evaporated,Ea,waist_6.375,waist,6.375,0.0,0.0,466.16734918686103,4.127461632470717,7.573830695522464e-09,5.1384467297535575e-05,5.607557924232317e-06,3.25264805909683e-07,0.00039598108333676485,136.41383220627904,True
57,x,evaporated,Ea,waist_8.5,waist,8.5,0.0,0.0,317.3755505075491,2.8884318922232506,5.1293037258045255e-08,4.817640219297996e-05,6.315826374639519e-06,3.6890246734300433e-07,0.00043822444274117,136.49769626930356,True
57,x,evaporated,Ea,waist_10.625,waist,10.625,0.0,0.0,222.81319915093863,2.124072351369868,1.231039444747848e-07,4.382680848988698e-05,6.7850292140985825e-06,4.131400887808481e-07,0.000415464282227569,166.69030902162194,True
57,x,evaporated,Ea,waist_12.75,waist,12.75,0.0,0.0,165.82912442318724,1.6353596994327235,1.9151287960453052e-07,3.916858691167871e-05,7.10625841286419e-06,4.506176318539602e-07,0.00028392792038355415,141.98162373527884,True
57,x,evaporated,Ea,position_x-10_y-5,position,8.5,-10.0,-5.0,137.5617321853618,2.3640612055540062,5.977880512780153e-07,2.3865473375837626e-05,5.439650788271388e-06,3.524182523987402e-07,0.0005159660715060379,133.34667305648327,True
57,x,evaporated,Ea,position_x-10_y0,position,8.5,-10.0,0.0,115.17525452965948,1.573094033084912,6.156393511352344e-07,2.443349001807884e-05,6.036780165290959e-06,3.839599575176442e-07,0.0006146982962031258,155.73893447592854,True
57,x,evaporated,Ea,position_x-10_y5,position,8.5,-10.0,5.0,137.32645115781452,2.3606357900033736,5.978020313600445e-07,2.3882002182747902e-05,5.4758880757346855e-06,3.553200718193872e-07,0.0007041556933155501,160.36508451402187,True
57,x,evaporated,Ea,position_x-10_y10,position,8.5,-10.0,10.0,134.15921980371184,2.5749336481632272,4.437741051448837e-07,1.790407252489694e-05,6.0178708664782284e-06,3.9616086249073163e-07,0.0023699025593833145,134.1100949831307,True
57,x,evaporated,Ea,position_x-5_y-10,position,8.5,-5.0,-10.0,115.26945941640895,3.5363896171143283,1.7578835007581052e-07,3.054987901952254e-05,6.708914108117266e-06,4.1037330616661653e-07,0.005334202653199899,136.12600265815854,True
57,x,evaporated,Ea,position_x-5_y-5,position,8.5,-5.0,-5.0,173.80653304470277,2.908542457634216,2.3668093810714232e-07,4.213863050939264e-05,6.686989011381569e-06,3.7547908630727263e-07,0.00014885496053752706,138.39649883285165,True
57,x,evaporated,Ea,position_x-5_y0,position,8.5,-5.0,0.0,198.61783118384227,2.0588376830123463,2.4292579159143996e-07,4.405859555223876e-05,7.424547050934081e-06,4.091983632256109e-07,0.0006943750145254049,136.9992863945663,True
57,x,evaporated,Ea,position_x-5_y5,position,8.5,-5.0,5.0,172.68355502692023,2.893007130089607,2.3669746897699263e-07,4.2156124287414596e-05,6.7292512459181254e-06,3.789985688561894e-07,0.0007474451958023678,141.0289826616645,True
57,x,evaporated,Ea,position_x-5_y10,position,8.5,-5.0,10.0,113.33436914882815,3.5333905038745197,1.7581216641140878e-07,3.0542248443106955e-05,6.973279354093943e-06,4.3302102986573154e-07,0.0020524149429824944,137.8644908517599,True
57,x,evaporated,Ea,position_x0_y-10,position,8.5,0.0,-10.0,7.168718617261821,2.9513506137487187,3.636830935993224e-08,2.798565407319809e-05,8.56340554660033e-06,5.863828239605312e-07,0.004937132878776396,135.96310286968946,True
57,x,evaporated,Ea,position_x0_y-5,position,8.5,0.0,-5.0,185.0114340522622,2.6862781459632807,4.904715233344711e-08,4.327386335890248e-05,7.378257359206233e-06,4.584934836144503e-07,0.00025023211797299945,211.93791817873716,True
57,x,evaporated,Ea,position_x0_y5,position,8.5,0.0,5.0,183.85470683424828,2.6892733868157475,4.905363000463159e-08,4.323838313854894e-05,7.4167374297166955e-06,4.62592811133979e-07,0.0006465559402330583,138.9999097622931,True
57,x,evaporated,Ea,position_x0_y10,position,8.5,0.0,10.0,4.989593044732259,2.941116050123346,3.638577922457363e-08,2.7940854810562347e-05,8.823045505452869e-06,6.095603392428478e-07,0.0026811602876930254,135.52240040898323,True
57,x,evaporated,Ea,position_x5_y-10,position,8.5,5.0,-10.0,-35.871461381283595,1.4008877644765292,1.7285957702883118e-07,1.5568738305382438e-05,1.069158793894671e-05,8.142261069083674e-07,0.0055778073957888615,134.51949180290103,True
57,x,evaporated,Ea,position_x5_y-5,position,8.5,5.0,-5.0,67.7116235431993,2.3381445545240243,2.2980564187400548e-07,3.171175531706768e-05,8.272360515028652e-06,5.904293599123916e-07,0.00037056061383129805,138.56958628818393,True
57,x,evaporated,Ea,position_x5_y0,position,8.5,5.0,0.0,152.52961931238852,3.183967150862077,2.414722919184291e-07,3.9835273795965325e-05,5.485709576895043e-06,3.6483453644554527e-07,0.00017072379092276547,135.08257169276476,True
57,x,evaporated,Ea,position_x5_y5,position,8.5,5.0,5.0,67.59826637253278,2.3557828470471236,2.2983825824048317e-07,3.165242627437352e-05,8.311668199861459e-06,5.948289023847224e-07,0.0007570241369847741,134.02271151170135,True
57,x,evaporated,Ea,position_x5_y10,position,8.5,5.0,10.0,-36.1482199234965,1.3905408456084503,1.7294654831131954e-07,1.55059976138557e-05,1.094890985902974e-05,8.371873989134132e-07,0.004575599913473342,134.13905644789338,True
57,x,evaporated,Ea,position_x10_y-10,position,8.5,10.0,-10.0,-44.37163055843431,0.7457217728784933,4.459012644112184e-07,6.56936626767852e-06,9.152417830486642e-06,7.000974064202011e-07,0.007779341969312787,159.32458398491144,True
57,x,evaporated,Ea,position_x10_y-5,position,8.5,10.0,-5.0,-70.39190218546018,1.7832336979873917,5.915739351675741e-07,1.617139189073165e-05,7.23446899087967e-06,5.439174599081729e-07,0.0007045602265927464,131.20387248694897,True
57,x,evaporated,Ea,position_x10_y0,position,8.5,10.0,0.0,-83.07998450108788,2.3444002594885323,6.160963134227366e-07,2.16412221136397e-05,5.131143897950091e-06,3.773636756194121e-07,0.00012500537615327487,201.35179708898067,True
57,x,evaporated,Ea,position_x10_y5,position,8.5,10.0,5.0,-70.22435542897783,1.7835962478865912,5.916276406032437e-07,1.6139781124453716e-05,7.2718711689312875e-06,5.475232475660183e-07,0.0008532204212592445,135.95944301784039,True
57,x,evaporated,Ea,position_x10_y10,position,8.5,10.0,10.0,-44.185171848394305,0.7416881599874884,4.460462266189964e-07,6.532271117161402e-06,9.37272601862639e-06,7.192318765500865e-07,0.0058448078661826495,133.69394447654486,True
58,x,evaporated,Eb,position_x-10_y-10,position,8.5,-10.0,-10.0,178.2227543923431,2.9037033435948616,3.6846351824024227e-07,1.9600367955656072e-05,1.0351233836399118e-05,6.783950009833422e-07,0.009010374565159242,153.09297195449471,True
58,x,evaporated,Eb,waist_4.25,waist,4.25,0.0,0.0,661.0586670449424,6.0327951968133515,7.572018895840341e-09,4.196851750377554e-05,1.3927931962950128e-05,1.0902181681285949e-06,0.0003810880046599539,155.88177423924208,True
58,x,evaporated,Eb,waist_6.375,waist,6.375,0.0,0.0,479.77874884232483,4.139645296967051,5.719659429682946e-09,3.8646154081241305e-05,1.3586465468897477e-05,1.0798217051551897e-06,0.00021367172002363205,121.26579309627414,True
58,x,evaporated,Eb,waist_8.5,waist,8.5,0.0,0.0,331.9558197147892,2.8934407617582085,3.848956785113074e-08,3.738537757345405e-05,1.355470249375965e-05,1.0704885678371954e-06,0.0001126902620718865,126.06156100705266,True
58,x,evaporated,Eb,waist_10.625,waist,10.625,0.0,0.0,239.2215528627156,2.132177798782956,9.994013364759797e-08,3.557380461499145e-05,1.3590874080506202e-05,1.0525419988395183e-06,0.000504416946083561,126.73771327733994,True
58,x,evaporated,Eb,waist_12.75,waist,12.75,0.0,0.0,182.74505674869272,1.643645721482647,1.6080460610585603e-07,3.3011486690908074e-05,1.3575759902151444e-05,1.02826119577888e-06,0.0010993737375786885,132.5021911561489,True
58,x,evaporated,Eb,position_x-10_y-5,position,8.5,-10.0,-5.0,202.74957468810987,2.7738820375044657,4.7628467165194313e-07,2.4812389242252968e-05,1.2254186941346494e-05,7.81290103220078e-07,0.009405601505193595,132.4295058771968,True
58,x,evaporated,Eb,position_x-10_y0,position,8.5,-10.0,0.0,184.96482380562236,2.3258645580176163,4.925024599535086e-07,2.4036551214549148e-05,1.2689133032606397e-05,8.095338596208493e-07,0.009929867232351825,127.56017544865608,True
58,x,evaporated,Eb,position_x-10_y5,position,8.5,-10.0,5.0,201.72460211068204,2.772424935345807,4.763189611420254e-07,2.480433198868051e-05,1.22554009834362e-05,7.81398826505316e-07,0.009404145454451904,158.94826504588127,True
58,x,evaporated,Eb,position_x-10_y10,position,8.5,-10.0,10.0,176.81882317537656,2.9031680397005744,3.684865095293822e-07,1.960201802176122e-05,1.0351153340782173e-05,6.783873368516758e-07,0.008997707230753618,162.32980908825994,True
58,x,evaporated,Eb,position_x-5_y-10,position,8.5,-5.0,-10.0,150.52348448599415,3.4740570437746916,1.3843668345927955e-07,2.8785027580972187e-05,1.1088552188292595e-05,8.383071267560107e-07,0.001506362804421091,137.3970359377563,True
58,x,evaporated,Eb,position_x-5_y-5,position,8.5,-5.0,-5.0,214.0804426993252,2.8139548231011156,1.8137325891321682e-07,3.476658133845114e-05,1.332755893711563e-05,9.957247410973153e-07,0.001760203772692022,133.23757231980562,True
58,x,evaporated,Eb,position_x-5_y0,position,8.5,-5.0,0.0,232.76019379045462,1.8177125475623859,1.8903224528711665e-07,3.231409699911566e-05,1.405360910396933e-05,1.0529922210152512e-06,0.0018462606721581989,130.76305546611547,True
58,x,evaporated,Eb,position_x-5_y5,position,8.5,-5.0,5.0,209.79447821155856,2.8101237645284565,1.8140041311583632e-07,3.478163158083599e-05,1.3323579961077075e-05,9.954788928148081e-07,0.0017593529439473656,132.75382979214191,True
58,x,evaporated,Eb,position_x-5_y10,position,8.5,-5.0,10.0,144.13879592673226,3.4740288854192647,1.3846987828519195e-07,2.8828206956331032e-05,1.1080421351383748e-05,8.376508873646344e-07,0.0015011865600689442,134.75233804434538,True
58,x,evaporated,Eb,position_x0_y-10,position,8.5,0.0,-10.0,36.08731020026349,2.8234687309845685,2.8255678177754944e-08,2.4390717128015444e-05,1.1986847605804561e-05,9.594758298696944e-07,0.00010529469305689719,133.1227526962757,True
58,x,evaporated,Eb,position_x0_y-5,position,8.5,0.0,-5.0,210.304630867534,2.61401863596015,3.699249915926664e-08,3.5043270872212e-05,1.3565213189869432e-05,1.0733771205319746e-06,0.00010904234853049387,131.70314294844866,True
58,x,evaporated,Eb,position_x0_y5,position,8.5,0.0,5.0,203.425843937224,2.6234543537861224,3.70066867962467e-08,3.514813539302336e-05,1.3547696270936683e-05,1.071992643928404e-06,0.00010896123655594065,133.52304066345096,True
58,x,evaporated,Eb,position_x0_y10,position,8.5,0.0,10.0,25.55547473041401,2.888730410641659,2.8276612933300504e-08,2.4522975892377342e-05,1.1964970160896737e-05,9.576283443154493e-07,0.00010283719576252872,132.21023378893733,True
58,x,evaporated,Eb,position_x5_y-10,position,8.5,5.0,-10.0,-26.63622871279628,1.2271749957940319,1.408554137090783e-07,1.3777375802273524e-05,1.356775717187213e-05,1.0436729594647796e-06,0.0005383437260718277,134.3012813962996,True
58,x,evaporated,Eb,position_x5_y-5,position,8.5,5.0,-5.0,58.37959120753392,2.166051580166199,1.7750083958780004e-07,2.9217315560431862e-05,1.4246740098950858e-05,1.0761982443134695e-06,0.0006570474880064843,132.69086220115423,True
58,x,evaporated,Eb,position_x5_y0,position,8.5,5.0,0.0,126.84370941195357,3.034120001150254,1.8151272952087686e-07,3.780346898569429e-05,1.3235942893041947e-05,9.889339522208379e-07,0.0005070213766416597,132.4679400138557,True
58,x,evaporated,Eb,position_x5_y5,position,8.5,5.0,5.0,55.1819316918095,2.152992880946904,1.7755315194814146e-07,2.933775684991918e-05,1.423054651545725e-05,1.074722208187752e-06,0.0006546151100426593,159.73630360141397,True
58,x,evaporated,Eb,position_x5_y10,position,8.5,5.0,10.0,-31.884460790912684,1.3047337093248461,1.409106331755763e-07,1.3888928766681791e-05,1.3552653072646287e-05,1.0422453833796179e-06,0.0005309374769817511,133.46802024915814,True
58,x,evaporated,Eb,position_x10_y-10,position,8.5,10.0,-10.0,-65.87257181132513,0.7460185373953746,3.7309402173631414e-07,7.100048985334092e-06,1.2959193361198436e-05,8.746958700804625e-07,0.0006540992664455788,205.9711778461933,True
58,x,evaporated,Eb,position_x10_y-5,position,8.5,10.0,-5.0,-125.76885538483002,1.9693799158102878,4.7215018311983523e-07,1.7600288380828577e-05,1.3844136940662037e-05,9.085837453681643e-07,0.000908695132003598,126.50674603879452,True
58,x,evaporated,Eb,position_x10_y0,position,8.5,10.0,0.0,-158.83568447813104,2.5795732667835836,4.838297984827775e-07,2.399693511107829e-05,1.3029554586377322e-05,8.404102379971079e-07,0.0007888903211506385,126.30340650305152,True
58,x,evaporated,Eb,position_x10_y5,position,8.5,10.0,5.0,-125.78091983115873,1.9715421450211716,4.722496904208762e-07,1.764337874943799e-05,1.384081271553439e-05,9.08091491870307e-07,0.0009024177914727261,131.68260338902473,True
58,x,evaporated,Eb,position_x10_y10,position,8.5,10.0,10.0,-66.48536880946449,0.7494834904219205,3.731885146033721e-07,7.128397107392191e-06,1.2957861347849376e-05,8.743922866344273e-07,0.0006350913087501938,129.88066114112735,True
